ID qu?n huy?n,ID t?nh thành,??n v?,Tên Qu?n huy?n,Tên ??y ??,,,,,,,,,,,,,,,,,,,,
1,29,Huy?n,Bình Chánh,"Huy?n Bình Chánh, H? Chí Minh",,,,,,,,,,,,,,,,,,,,
2,29,Qu?n,Bình Tân,"Qu?n Bình Tân, H? Chí Minh",,,,,,,,,,,,,,,,,,,,
3,29,Qu?n,Bình Th?nh,"Qu?n Bình Th?nh, H? Chí Minh",,,,,,,,,,,,,,,,,,,,
4,29,Huy?n,C?n Gi?,"Huy?n C?n Gi?, H? Chí Minh",,,,,,,,,,,,,,,,,,,,
5,29,Huy?n,C? Chi,"Huy?n C? Chi, H? Chí Minh",,,,,,,,,,,,,,,,,,,,
6,29,Qu?n,Gò V?p,"Qu?n Gò V?p, H? Chí Minh",,,,,,,,,,,,,,,,,,,,
7,29,Huy?n,Hóc Môn,"Huy?n Hóc Môn, H? Chí Minh",,,,,,,,,,,,,,,,,,,,
8,29,Huy?n,Nhà Bè,"Huy?n Nhà Bè, H? Chí Minh",,,,,,,,,,,,,,,,,,,,
9,29,Qu?n,Phú Nhu?n,"Qu?n Phú Nhu?n, H? Chí Minh",,,,,,,,,,,,,,,,,,,,
10,29,Qu?n,Qu?n 1,"Qu?n 1, H? Chí Minh",,,,,,,,,,,,,,,,,,,,
11,29,Qu?n,Qu?n 10,"Qu?n 10, H? Chí Minh",,,,,,,,,,,,,,,,,,,,
12,29,Qu?n,Qu?n 11,"Qu?n 11, H? Chí Minh",,,,,,,,,,,,,,,,,,,,
13,29,Qu?n,Qu?n 12,"Qu?n 12, H? Chí Minh",,,,,,,,,,,,,,,,,,,,
14,29,Thành ph?,Th? ??c,"Thành ph? Th? ??c, H? Chí Minh",,,,,,,,,,,,,,,,,,,,
15,29,Qu?n,Qu?n 3,"Qu?n 3, H? Chí Minh",,,,,,,,,,,,,,,,,,,,
16,29,Qu?n,Qu?n 4,"Qu?n 4, H? Chí Minh",,,,,,,,,,,,,,,,,,,,
17,29,Qu?n,Qu?n 5,"Qu?n 5, H? Chí Minh",,,,,,,,,,,,,,,,,,,,
18,29,Qu?n,Qu?n 6,"Qu?n 6, H? Chí Minh",,,,,,,,,,,,,,,,,,,,
19,29,Qu?n,Qu?n 7,"Qu?n 7, H? Chí Minh",,,,,,,,,,,,,,,,,,,,
20,29,Qu?n,Qu?n 8,"Qu?n 8, H? Chí Minh",,,,,,,,,,,,,,,,,,,,
22,29,Qu?n,Tân Bình,"Qu?n Tân Bình, H? Chí Minh",,,,,,,,,,,,,,,,,,,,
23,29,Qu?n,Tân Phú,"Qu?n Tân Phú, H? Chí Minh",,,,,,,,,,,,,,,,,,,,
25,22,Qu?n,Ba ?ình,"Qu?n Ba ?ình, Hà N?i",,,,,,,,,,,,,,,,,,,,
26,22,Huy?n,Ba Vì,"Huy?n Ba Vì, Hà N?i",,,,,,,,,,,,,,,,,,,,
27,22,Qu?n,B?c T? Liêm,"Qu?n B?c T? Liêm, Hà N?i",,,,,,,,,,,,,,,,,,,,
28,22,Qu?n,C?u Gi?y,"Qu?n C?u Gi?y, Hà N?i",,,,,,,,,,,,,,,,,,,,
29,22,Huy?n,Ch??ng M?,"Huy?n Ch??ng M?, Hà N?i",,,,,,,,,,,,,,,,,,,,
30,22,Huy?n,?an Ph??ng,"Huy?n ?an Ph??ng, Hà N?i",,,,,,,,,,,,,,,,,,,,
31,22,Huy?n,?ông Anh,"Huy?n ?ông Anh, Hà N?i",,,,,,,,,,,,,,,,,,,,
32,22,Qu?n,??ng ?a,"Qu?n ??ng ?a, Hà N?i",,,,,,,,,,,,,,,,,,,,
33,22,Huy?n,Gia Lâm,"Huy?n Gia Lâm, Hà N?i",,,,,,,,,,,,,,,,,,,,
34,22,Qu?n,Hà ?ông,"Qu?n Hà ?ông, Hà N?i",,,,,,,,,,,,,,,,,,,,
35,22,Qu?n,Hai Bà Tr?ng,"Qu?n Hai Bà Tr?ng, Hà N?i",,,,,,,,,,,,,,,,,,,,
36,22,Huy?n,Hoài ??c,"Huy?n Hoài ??c, Hà N?i",,,,,,,,,,,,,,,,,,,,
37,22,Qu?n,Hoàn Ki?m,"Qu?n Hoàn Ki?m, Hà N?i",,,,,,,,,,,,,,,,,,,,
38,22,Qu?n,Hoàng Mai,"Qu?n Hoàng Mai, Hà N?i",,,,,,,,,,,,,,,,,,,,
39,22,Qu?n,Long Biên,"Qu?n Long Biên, Hà N?i",,,,,,,,,,,,,,,,,,,,
40,22,Huy?n,Mê Linh,"Huy?n Mê Linh, Hà N?i",,,,,,,,,,,,,,,,,,,,
41,22,Huy?n,M? ??c,"Huy?n M? ??c, Hà N?i",,,,,,,,,,,,,,,,,,,,
42,22,Qu?n,Nam T? Liêm,"Qu?n Nam T? Liêm, Hà N?i",,,,,,,,,,,,,,,,,,,,
43,22,Huy?n,Phú Xuyên,"Huy?n Phú Xuyên, Hà N?i",,,,,,,,,,,,,,,,,,,,
44,22,Huy?n,Phúc Th?,"Huy?n Phúc Th?, Hà N?i",,,,,,,,,,,,,,,,,,,,
45,22,Huy?n,Qu?c Oai,"Huy?n Qu?c Oai, Hà N?i",,,,,,,,,,,,,,,,,,,,
46,22,Huy?n,Sóc S?n,"Huy?n Sóc S?n, Hà N?i",,,,,,,,,,,,,,,,,,,,
47,22,Th? xã,S?n Tây,"Th? xã S?n Tây, Hà N?i",,,,,,,,,,,,,,,,,,,,
48,22,Qu?n,Tây H?,"Qu?n Tây H?, Hà N?i",,,,,,,,,,,,,,,,,,,,
49,22,Huy?n,Th?ch Th?t,"Huy?n Th?ch Th?t, Hà N?i",,,,,,,,,,,,,,,,,,,,
50,22,Huy?n,Thanh Oai,"Huy?n Thanh Oai, Hà N?i",,,,,,,,,,,,,,,,,,,,
51,22,Huy?n,Thanh Trì,"Huy?n Thanh Trì, Hà N?i",,,,,,,,,,,,,,,,,,,,
52,22,Qu?n,Thanh Xuân,"Qu?n Thanh Xuân, Hà N?i",,,,,,,,,,,,,,,,,,,,
53,22,Huy?n,Th??ng Tín,"Huy?n Th??ng Tín, Hà N?i",,,,,,,,,,,,,,,,,,,,
54,22,Huy?n,?ng Hòa,"Huy?n ?ng Hòa, Hà N?i",,,,,,,,,,,,,,,,,,,,
55,15,Qu?n,C?m L?,"Qu?n C?m L?, ?à N?ng",,,,,,,,,,,,,,,,,,,,
56,15,Qu?n,H?i Châu,"Qu?n H?i Châu, ?à N?ng",,,,,,,,,,,,,,,,,,,,
57,15,Huy?n,Hòa Vang,"Huy?n Hòa Vang, ?à N?ng",,,,,,,,,,,,,,,,,,,,
58,15,Huy?n,Hoàng Sa,"Huy?n Hoàng Sa, ?à N?ng",,,,,,,,,,,,,,,,,,,,
59,15,Qu?n,Liên Chi?u,"Qu?n Liên Chi?u, ?à N?ng",,,,,,,,,,,,,,,,,,,,
60,15,Qu?n,Ng? Hành S?n,"Qu?n Ng? Hành S?n, ?à N?ng",,,,,,,,,,,,,,,,,,,,
61,15,Qu?n,S?n Trà,"Qu?n S?n Trà, ?à N?ng",,,,,,,,,,,,,,,,,,,,
62,15,Qu?n,Thanh Khê,"Qu?n Thanh Khê, ?à N?ng",,,,,,,,,,,,,,,,,,,,
63,73,Huy?n,Bàu Bàng,"Huy?n Bàu Bàng, Bình D??ng",,,,,,,,,,,,,,,,,,,,
64,73,Th? xã,B?n Cát,"Th? xã B?n Cát, Bình D??ng",,,,,,,,,,,,,,,,,,,,
65,73,Huy?n,D?u Ti?ng,"Huy?n D?u Ti?ng, Bình D??ng",,,,,,,,,,,,,,,,,,,,
66,73,Thành ph?,Thành ph? D? An,"Thành ph? D? An, Bình D??ng",,,,,,,,,,,,,,,,,,,,
67,73,Huy?n,Phú Giáo,"Huy?n Phú Giáo, Bình D??ng",,,,,,,,,,,,,,,,,,,,
68,73,Th? xã,Tân Uyên,"Th? xã Tân Uyên, Bình D??ng",,,,,,,,,,,,,,,,,,,,
69,73,Thành ph?,Th? D?u M?t,"Thành ph? Th? D?u M?t, Bình D??ng",,,,,,,,,,,,,,,,,,,,
70,73,Thành ph?,Thành ph? Thu?n An,"Thành ph? Thu?n An, Bình D??ng",,,,,,,,,,,,,,,,,,,,
71,17,Thành ph?,Biên Hòa,"Thành ph? Biên Hòa, ??ng Nai",,,,,,,,,,,,,,,,,,,,
72,17,Huy?n,C?m M?,"Huy?n C?m M?, ??ng Nai",,,,,,,,,,,,,,,,,,,,
73,17,Huy?n,??nh Quán,"Huy?n ??nh Quán, ??ng Nai",,,,,,,,,,,,,,,,,,,,
74,17,Thành ph?,Thành ph? Long Khánh,"Thành ph? Long Khánh, ??ng Nai",,,,,,,,,,,,,,,,,,,,
75,17,Huy?n,Long Thành,"Huy?n Long Thành, ??ng Nai",,,,,,,,,,,,,,,,,,,,
76,17,Huy?n,Nh?n Tr?ch,"Huy?n Nh?n Tr?ch, ??ng Nai",,,,,,,,,,,,,,,,,,,,
77,17,Huy?n,Huy?n Tân Phú,"Huy?n Tân Phú, ??ng Nai",,,,,,,,,,,,,,,,,,,,
78,17,Huy?n,Th?ng Nh?t,"Huy?n Th?ng Nh?t, ??ng Nai",,,,,,,,,,,,,,,,,,,,
79,17,Huy?n,Tr?ng Bom,"Huy?n Tr?ng Bom, ??ng Nai",,,,,,,,,,,,,,,,,,,,
80,17,Huy?n,V?nh C?u,"Huy?n V?nh C?u, ??ng Nai",,,,,,,,,,,,,,,,,,,,
81,17,Huy?n,Xuân L?c,"Huy?n Xuân L?c, ??ng Nai",,,,,,,,,,,,,,,,,,,,
82,30,Huy?n,Cam Lâm,"Huy?n Cam Lâm, Khánh Hòa",,,,,,,,,,,,,,,,,,,,
83,30,Thành ph?,Cam Ranh,"Thành ph? Cam Ranh, Khánh Hòa",,,,,,,,,,,,,,,,,,,,
84,30,Huy?n,Diên Khánh,"Huy?n Diên Khánh, Khánh Hòa",,,,,,,,,,,,,,,,,,,,
85,30,Huy?n,Khánh S?n,"Huy?n Khánh S?n, Khánh Hòa",,,,,,,,,,,,,,,,,,,,
86,30,Huy?n,Khánh V?nh,"Huy?n Khánh V?nh, Khánh Hòa",,,,,,,,,,,,,,,,,,,,
87,30,Thành ph?,Nha Trang,"Thành ph? Nha Trang, Khánh Hòa",,,,,,,,,,,,,,,,,,,,
88,30,Th? xã,Ninh Hòa,"Th? xã Ninh Hòa, Khánh Hòa",,,,,,,,,,,,,,,,,,,,
89,30,Huy?n,Tr??ng Sa,"Huy?n Tr??ng Sa, Khánh Hòa",,,,,,,,,,,,,,,,,,,,
90,30,Huy?n,V?n Ninh,"Huy?n V?n Ninh, Khánh Hòa",,,,,,,,,,,,,,,,,,,,
91,26,Huy?n,An D??ng,"Huy?n An D??ng, H?i Phòng",,,,,,,,,,,,,,,,,,,,
92,26,Huy?n,An Lão,"Huy?n An Lão, H?i Phòng",,,,,,,,,,,,,,,,,,,,
93,26,Huy?n,B?ch Long V?,"Huy?n B?ch Long V?, H?i Phòng",,,,,,,,,,,,,,,,,,,,
94,26,Huy?n,Cát H?i,"Huy?n Cát H?i, H?i Phòng",,,,,,,,,,,,,,,,,,,,
95,26,Qu?n,?? S?n,"Qu?n ?? S?n, H?i Phòng",,,,,,,,,,,,,,,,,,,,
96,26,Qu?n,D??ng Kinh,"Qu?n D??ng Kinh, H?i Phòng",,,,,,,,,,,,,,,,,,,,
97,26,Qu?n,H?i An,"Qu?n H?i An, H?i Phòng",,,,,,,,,,,,,,,,,,,,
98,26,Qu?n,H?ng Bàng,"Qu?n H?ng Bàng, H?i Phòng",,,,,,,,,,,,,,,,,,,,
99,26,Qu?n,Ki?n An,"Qu?n Ki?n An, H?i Phòng",,,,,,,,,,,,,,,,,,,,
100,26,Huy?n,Ki?n Thu?,"Huy?n Ki?n Thu?, H?i Phòng",,,,,,,,,,,,,,,,,,,,
101,26,Qu?n,Lê Chân,"Qu?n Lê Chân, H?i Phòng",,,,,,,,,,,,,,,,,,,,
102,26,Qu?n,Ngô Quy?n,"Qu?n Ngô Quy?n, H?i Phòng",,,,,,,,,,,,,,,,,,,,
103,26,Huy?n,Thu? Nguyên,"Huy?n Thu? Nguyên, H?i Phòng",,,,,,,,,,,,,,,,,,,,
104,26,Huy?n,Tiên Lãng,"Huy?n Tiên Lãng, H?i Phòng",,,,,,,,,,,,,,,,,,,,
105,26,Huy?n,V?nh B?o,"Huy?n V?nh B?o, H?i Phòng",,,,,,,,,,,,,,,,,,,,
106,37,Huy?n,B?n L?c,"Huy?n B?n L?c, Long An",,,,,,,,,,,,,,,,,,,,
107,37,Huy?n,C?n ???c,"Huy?n C?n ???c, Long An",,,,,,,,,,,,,,,,,,,,
108,37,Huy?n,C?n Giu?c,"Huy?n C?n Giu?c, Long An",,,,,,,,,,,,,,,,,,,,
109,37,Huy?n,Châu Thành,"Huy?n Châu Thành, Long An",,,,,,,,,,,,,,,,,,,,
110,37,Huy?n,??c Hòa,"Huy?n ??c Hòa, Long An",,,,,,,,,,,,,,,,,,,,
111,37,Huy?n,??c Hu?,"Huy?n ??c Hu?, Long An",,,,,,,,,,,,,,,,,,,,
112,37,Th? xã,Ki?n T??ng,"Th? xã Ki?n T??ng, Long An",,,,,,,,,,,,,,,,,,,,
113,37,Huy?n,M?c Hóa,"Huy?n M?c Hóa, Long An",,,,,,,,,,,,,,,,,,,,
114,37,Thành ph?,Tân An,"Thành ph? Tân An, Long An",,,,,,,,,,,,,,,,,,,,
115,37,Huy?n,Tân H?ng,"Huy?n Tân H?ng, Long An",,,,,,,,,,,,,,,,,,,,
116,37,Huy?n,Tân Th?nh,"Huy?n Tân Th?nh, Long An",,,,,,,,,,,,,,,,,,,,
117,37,Huy?n,Tân Tr?,"Huy?n Tân Tr?, Long An",,,,,,,,,,,,,,,,,,,,
118,37,Huy?n,Th?nh Hóa,"Huy?n Th?nh Hóa, Long An",,,,,,,,,,,,,,,,,,,,
119,37,Huy?n,Th? Th?a,"Huy?n Th? Th?a, Long An",,,,,,,,,,,,,,,,,,,,
120,37,Huy?n,V?nh H?ng,"Huy?n V?nh H?ng, Long An",,,,,,,,,,,,,,,,,,,,
121,45,Huy?n,B?c Trà My,"Huy?n B?c Trà My, Qu?ng Nam",,,,,,,,,,,,,,,,,,,,
122,45,Huy?n,??i L?c,"Huy?n ??i L?c, Qu?ng Nam",,,,,,,,,,,,,,,,,,,,
123,45,Th? xã,Th? xã ?i?n Bàn,"Th? xã ?i?n Bàn, Qu?ng Nam",,,,,,,,,,,,,,,,,,,,
124,45,Huy?n,?ông Giang,"Huy?n ?ông Giang, Qu?ng Nam",,,,,,,,,,,,,,,,,,,,
125,45,Huy?n,Duy Xuyên,"Huy?n Duy Xuyên, Qu?ng Nam",,,,,,,,,,,,,,,,,,,,
126,45,Huy?n,Hi?p ??c,"Huy?n Hi?p ??c, Qu?ng Nam",,,,,,,,,,,,,,,,,,,,
127,45,Thành ph?,H?i An,"Thành ph? H?i An, Qu?ng Nam",,,,,,,,,,,,,,,,,,,,
128,45,Huy?n,Nam Giang,"Huy?n Nam Giang, Qu?ng Nam",,,,,,,,,,,,,,,,,,,,
129,45,Huy?n,Nam Trà My,"Huy?n Nam Trà My, Qu?ng Nam",,,,,,,,,,,,,,,,,,,,
130,45,Huy?n,Nông S?n,"Huy?n Nông S?n, Qu?ng Nam",,,,,,,,,,,,,,,,,,,,
131,45,Huy?n,Núi Thành,"Huy?n Núi Thành, Qu?ng Nam",,,,,,,,,,,,,,,,,,,,
132,45,Huy?n,Phú Ninh,"Huy?n Phú Ninh, Qu?ng Nam",,,,,,,,,,,,,,,,,,,,
133,45,Huy?n,Ph??c S?n,"Huy?n Ph??c S?n, Qu?ng Nam",,,,,,,,,,,,,,,,,,,,
134,45,Huy?n,Qu? S?n,"Huy?n Qu? S?n, Qu?ng Nam",,,,,,,,,,,,,,,,,,,,
135,45,Thành ph?,Tam K?,"Thành ph? Tam K?, Qu?ng Nam",,,,,,,,,,,,,,,,,,,,
136,45,Huy?n,Tây Giang,"Huy?n Tây Giang, Qu?ng Nam",,,,,,,,,,,,,,,,,,,,
137,45,Huy?n,Th?ng Bình,"Huy?n Th?ng Bình, Qu?ng Nam",,,,,,,,,,,,,,,,,,,,
138,45,Huy?n,Tiên Ph??c,"Huy?n Tiên Ph??c, Qu?ng Nam",,,,,,,,,,,,,,,,,,,,
139,67,Thành ph?,Bà R?a,"Thành ph? Bà R?a, Bà R?a - V?ng Tàu",,,,,,,,,,,,,,,,,,,,
140,67,Huy?n,Châu ??c,"Huy?n Châu ??c, Bà R?a - V?ng Tàu",,,,,,,,,,,,,,,,,,,,
141,67,Huy?n,Côn ??o,"Huy?n Côn ??o, Bà R?a - V?ng Tàu",,,,,,,,,,,,,,,,,,,,
142,67,Huy?n,??t ??,"Huy?n ??t ??, Bà R?a - V?ng Tàu",,,,,,,,,,,,,,,,,,,,
143,67,Huy?n,Long ?i?n,"Huy?n Long ?i?n, Bà R?a - V?ng Tàu",,,,,,,,,,,,,,,,,,,,
144,67,Th? xã,Phú M?,"Th? xã Phú M?, Bà R?a - V?ng Tàu",,,,,,,,,,,,,,,,,,,,
145,67,Thành ph?,V?ng Tàu,"Thành ph? V?ng Tàu, Bà R?a - V?ng Tàu",,,,,,,,,,,,,,,,,,,,
146,67,Huy?n,Xuyên M?c,"Huy?n Xuyên M?c, Bà R?a - V?ng Tàu",,,,,,,,,,,,,,,,,,,,
147,72,Huy?n,Buôn ?ôn,"Huy?n Buôn ?ôn, ??k L?k",,,,,,,,,,,,,,,,,,,,
148,72,Th? xã,Buôn H?,"Th? Xã Buôn H?, ??k L?k",,,,,,,,,,,,,,,,,,,,
149,72,Thành ph?,Buôn Ma Thu?t,"Thành ph? Buôn Ma Thu?t, ??k L?k",,,,,,,,,,,,,,,,,,,,
150,72,Huy?n,C? Kuin,"Huy?n C? Kuin, ??k L?k",,,,,,,,,,,,,,,,,,,,
151,72,Huy?n,C? M'gar,"Huy?n C? M'gar, ??k L?k",,,,,,,,,,,,,,,,,,,,
152,72,Huy?n,Ea H'Leo,"Huy?n Ea H'leo, ??k L?k",,,,,,,,,,,,,,,,,,,,
153,72,Huy?n,Ea Kar,"Huy?n Ea Kar, ??k L?k",,,,,,,,,,,,,,,,,,,,
154,72,Huy?n,Ea Súp,"Huy?n Ea Súp, ??k L?k",,,,,,,,,,,,,,,,,,,,
155,72,Huy?n,Krông A Na,"Huy?n Krông A Na, ??k L?k",,,,,,,,,,,,,,,,,,,,
156,72,Huy?n,Krông Bông,"Huy?n Krông Bông, ??k L?k",,,,,,,,,,,,,,,,,,,,
157,72,Huy?n,Krông Búk,"Huy?n Krông Búk, ??k L?k",,,,,,,,,,,,,,,,,,,,
158,72,Huy?n,Krông N?ng,"Huy?n Krông N?ng, ??k L?k",,,,,,,,,,,,,,,,,,,,
159,72,Huy?n,Krông P?c,"Huy?n Krông P?c, ??k L?k",,,,,,,,,,,,,,,,,,,,
160,72,Huy?n,L?k,"Huy?n L?k, ??k L?k",,,,,,,,,,,,,,,,,,,,
161,72,Huy?n,M'?r?k,"Huy?n M'?r?k, ??k L?k",,,,,,,,,,,,,,,,,,,,
162,14,Huy?n,Th?i Lai,"Huy?n Th?i Lai, C?n Th?",,,,,,,,,,,,,,,,,,,,
163,14,Qu?n,Bình Thu?,"Qu?n Bình Thu?, C?n Th?",,,,,,,,,,,,,,,,,,,,
164,14,Qu?n,Cái R?ng,"Qu?n Cái R?ng, C?n Th?",,,,,,,,,,,,,,,,,,,,
165,14,Huy?n,C? ??,"Huy?n C? ??, C?n Th?",,,,,,,,,,,,,,,,,,,,
166,14,Qu?n,Ninh Ki?u,"Qu?n Ninh Ki?u, C?n Th?",,,,,,,,,,,,,,,,,,,,
167,14,Qu?n,Ô Môn,"Qu?n Ô Môn, C?n Th?",,,,,,,,,,,,,,,,,,,,
168,14,Huy?n,Phong ?i?n,"Huy?n Phong ?i?n, C?n Th?",,,,,,,,,,,,,,,,,,,,
169,14,Qu?n,Th?t N?t,"Qu?n Th?t N?t, C?n Th?",,,,,,,,,,,,,,,,,,,,
170,14,Huy?n,V?nh Th?nh,"Huy?n V?nh Th?nh, C?n Th?",,,,,,,,,,,,,,,,,,,,
171,11,Huy?n,B?c Bình,"Huy?n B?c Bình, Bình Thu?n",,,,,,,,,,,,,,,,,,,,
172,11,Huy?n,Phú Quí,"Huy?n Phú Quí, Bình Thu?n",,,,,,,,,,,,,,,,,,,,
173,11,Huy?n,??c Linh,"Huy?n ??c Linh, Bình Thu?n",,,,,,,,,,,,,,,,,,,,
174,11,Huy?n,Hàm Tân,"Huy?n Hàm Tân, Bình Thu?n",,,,,,,,,,,,,,,,,,,,
175,11,Huy?n,Hàm Thu?n B?c,"Huy?n Hàm Thu?n B?c, Bình Thu?n",,,,,,,,,,,,,,,,,,,,
176,11,Huy?n,Hàm Thu?n Nam,"Huy?n Hàm Thu?n Nam, Bình Thu?n",,,,,,,,,,,,,,,,,,,,
177,11,Th? xã,La Gi,"Th? xã La Gi, Bình Thu?n",,,,,,,,,,,,,,,,,,,,
178,11,Thành ph?,Phan Thi?t,"Thành ph? Phan Thi?t, Bình Thu?n",,,,,,,,,,,,,,,,,,,,
179,11,Huy?n,Tánh Linh,"Huy?n Tánh Linh, Bình Thu?n",,,,,,,,,,,,,,,,,,,,
180,11,Huy?n,Tuy Phong,"Huy?n Tuy Phong, Bình Thu?n",,,,,,,,,,,,,,,,,,,,
181,36,Huy?n,B?o Lâm,"Huy?n B?o Lâm, Lâm ??ng",,,,,,,,,,,,,,,,,,,,
182,36,Thành ph?,B?o L?c,"Thành ph? B?o L?c, Lâm ??ng",,,,,,,,,,,,,,,,,,,,
183,36,Huy?n,Cát Tiên,"Huy?n Cát Tiên, Lâm ??ng",,,,,,,,,,,,,,,,,,,,
184,36,Huy?n,?? Huoai,"Huy?n ?? Huoai, Lâm ??ng",,,,,,,,,,,,,,,,,,,,
185,36,Thành ph?,?à L?t,"Thành ph? ?à L?t, Lâm ??ng",,,,,,,,,,,,,,,,,,,,
186,36,Huy?n,?? T?h,"Huy?n ?? T?h, Lâm ??ng",,,,,,,,,,,,,,,,,,,,
187,36,Huy?n,?am Rông,"Huy?n ?am Rông, Lâm ??ng",,,,,,,,,,,,,,,,,,,,
188,36,Huy?n,Di Linh,"Huy?n Di Linh, Lâm ??ng",,,,,,,,,,,,,,,,,,,,
189,36,Huy?n,??n D??ng,"Huy?n ??n D??ng, Lâm ??ng",,,,,,,,,,,,,,,,,,,,
190,36,Huy?n,??c Tr?ng,"Huy?n ??c Tr?ng, Lâm ??ng",,,,,,,,,,,,,,,,,,,,
191,36,Huy?n,L?c D??ng,"Huy?n L?c D??ng, Lâm ??ng",,,,,,,,,,,,,,,,,,,,
192,36,Huy?n,Lâm Hà,"Huy?n Lâm Hà, Lâm ??ng",,,,,,,,,,,,,,,,,,,,
193,55,Huy?n,A L??i,"Huy?n A L??i, Th?a Thiên Hu?",,,,,,,,,,,,,,,,,,,,
194,55,Thành ph?,Hu?,"Thành ph? Hu?, Th?a Thiên Hu?",,,,,,,,,,,,,,,,,,,,
195,55,Th? xã,H??ng Th?y,"Th? xã H??ng Th?y, Th?a Thiên Hu?",,,,,,,,,,,,,,,,,,,,
196,55,Th? xã,Th? xã H??ng Trà,"Th? xã H??ng Trà, Th?a Thiên Hu?",,,,,,,,,,,,,,,,,,,,
197,55,Huy?n,Nam ?ông,"Huy?n Nam ?ông, Th?a Thiên Hu?",,,,,,,,,,,,,,,,,,,,
198,55,Huy?n,Phong ?i?n,"Huy?n Phong ?i?n, Th?a Thiên Hu?",,,,,,,,,,,,,,,,,,,,
199,55,Huy?n,Phú L?c,"Huy?n Phú L?c, Th?a Thiên Hu?",,,,,,,,,,,,,,,,,,,,
200,55,Huy?n,Phú Vang,"Huy?n Phú Vang, Th?a Thiên Hu?",,,,,,,,,,,,,,,,,,,,
201,55,Huy?n,Qu?ng ?i?n,"Huy?n Qu?ng ?i?n, Th?a Thiên Hu?",,,,,,,,,,,,,,,,,,,,
202,31,Huy?n,An Biên,"Huy?n An Biên, Kiên Giang",,,,,,,,,,,,,,,,,,,,
203,31,Huy?n,An Minh,"Huy?n An Minh, Kiên Giang",,,,,,,,,,,,,,,,,,,,
204,31,Huy?n,Châu Thành,"Huy?n Châu Thành, Kiên Giang",,,,,,,,,,,,,,,,,,,,
205,31,Huy?n,Giang Thành,"Huy?n Giang Thành, Kiên Giang",,,,,,,,,,,,,,,,,,,,
206,31,Huy?n,Gi?ng Ri?ng,"Huy?n Gi?ng Ri?ng, Kiên Giang",,,,,,,,,,,,,,,,,,,,
207,31,Huy?n,Gò Quao,"Huy?n Gò Quao, Kiên Giang",,,,,,,,,,,,,,,,,,,,
208,31,Thành ph?,Thành ph? Hà Tiên,"Thành ph? Hà Tiên, Kiên Giang",,,,,,,,,,,,,,,,,,,,
209,31,Huy?n,Hòn ??t,"Huy?n Hòn ??t, Kiên Giang",,,,,,,,,,,,,,,,,,,,
210,31,Huy?n,Kiên H?i,"Huy?n Kiên H?i, Kiên Giang",,,,,,,,,,,,,,,,,,,,
211,31,Huy?n,Kiên L??ng,"Huy?n Kiên L??ng, Kiên Giang",,,,,,,,,,,,,,,,,,,,
212,31,Thành ph?,Thành ph? Phú Qu?c,"Thành ph? Phú Qu?c, Kiên Giang",,,,,,,,,,,,,,,,,,,,
213,31,Thành ph?,R?ch Giá,"Thành ph? R?ch Giá, Kiên Giang",,,,,,,,,,,,,,,,,,,,
214,31,Huy?n,Tân Hi?p,"Huy?n Tân Hi?p, Kiên Giang",,,,,,,,,,,,,,,,,,,,
215,31,Huy?n,U minh Th??ng,"Huy?n U Minh Th??ng, Kiên Giang",,,,,,,,,,,,,,,,,,,,
216,31,Huy?n,V?nh Thu?n,"Huy?n V?nh Thu?n, Kiên Giang",,,,,,,,,,,,,,,,,,,,
217,6,Thành ph?,B?c Ninh,"Thành ph? B?c Ninh, B?c Ninh",,,,,,,,,,,,,,,,,,,,
218,6,Huy?n,Gia Bình,"Huy?n Gia Bình, B?c Ninh",,,,,,,,,,,,,,,,,,,,
219,6,Huy?n,L??ng Tài,"Huy?n L??ng Tài, B?c Ninh",,,,,,,,,,,,,,,,,,,,
220,6,Huy?n,Qu? Võ,"Huy?n Qu? Võ, B?c Ninh",,,,,,,,,,,,,,,,,,,,
221,6,Huy?n,Thu?n Thành,"Huy?n Thu?n Thành, B?c Ninh",,,,,,,,,,,,,,,,,,,,
222,6,Huy?n,Tiên Du,"Huy?n Tiên Du, B?c Ninh",,,,,,,,,,,,,,,,,,,,
223,6,Thành ph?,Thành ph? T? S?n,"Thành ph? T? S?n, B?c Ninh",,,,,,,,,,,,,,,,,,,,
224,6,Huy?n,Yên Phong,"Huy?n Yên Phong, B?c Ninh",,,,,,,,,,,,,,,,,,,,
225,47,Huy?n,Ba Ch?,"Huy?n Ba Ch?, Qu?ng Ninh",,,,,,,,,,,,,,,,,,,,
226,47,Huy?n,Bình Liêu,"Huy?n Bình Liêu, Qu?ng Ninh",,,,,,,,,,,,,,,,,,,,
227,47,Thành ph?,C?m Ph?,"Thành ph? C?m Ph?, Qu?ng Ninh",,,,,,,,,,,,,,,,,,,,
228,47,Huy?n,Cô Tô,"Huy?n Cô Tô, Qu?ng Ninh",,,,,,,,,,,,,,,,,,,,
229,47,Huy?n,??m Hà,"Huy?n ??m Hà, Qu?ng Ninh",,,,,,,,,,,,,,,,,,,,
230,47,Th? xã,?ông Tri?u,"Th? xã ?ông Tri?u, Qu?ng Ninh",,,,,,,,,,,,,,,,,,,,
231,47,Thành ph?,H? Long,"Thành ph? H? Long, Qu?ng Ninh",,,,,,,,,,,,,,,,,,,,
232,47,Huy?n,H?i Hà,"Huy?n H?i Hà, Qu?ng Ninh",,,,,,,,,,,,,,,,,,,,
234,47,Thành ph?,Móng Cái,"Thành ph? Móng Cái, Qu?ng Ninh",,,,,,,,,,,,,,,,,,,,
235,47,Th? xã,Qu?ng Yên,"Th? xã Qu?ng Yên, Qu?ng Ninh",,,,,,,,,,,,,,,,,,,,
236,47,Huy?n,Tiên Yên,"Huy?n Tiên Yên, Qu?ng Ninh",,,,,,,,,,,,,,,,,,,,
237,47,Thành ph?,Thành ph? Uông Bí,"Thành ph? Uông Bí, Qu?ng Ninh",,,,,,,,,,,,,,,,,,,,
238,47,Huy?n,Vân ??n,"Huy?n Vân ??n, Qu?ng Ninh",,,,,,,,,,,,,,,,,,,,
239,54,Huy?n,Bá Th??c,"Huy?n Bá Th??c, Thanh Hoá",,,,,,,,,,,,,,,,,,,,
240,54,Th? xã,B?m S?n,"Th? xã B?m S?n, Thanh Hoá",,,,,,,,,,,,,,,,,,,,
241,54,Huy?n,C?m Th?y,"Huy?n C?m Th?y, Thanh Hoá",,,,,,,,,,,,,,,,,,,,
242,54,Huy?n,?ông S?n,"Huy?n ?ông S?n, Thanh Hoá",,,,,,,,,,,,,,,,,,,,
243,54,Huy?n,Hà Trung,"Huy?n Hà Trung, Thanh Hoá",,,,,,,,,,,,,,,,,,,,
244,54,Huy?n,H?u L?c,"Huy?n H?u L?c, Thanh Hoá",,,,,,,,,,,,,,,,,,,,
245,54,Huy?n,Ho?ng Hóa,"Huy?n Ho?ng Hóa, Thanh Hoá",,,,,,,,,,,,,,,,,,,,
246,54,Huy?n,Lang Chánh,"Huy?n Lang Chánh, Thanh Hoá",,,,,,,,,,,,,,,,,,,,
247,54,Huy?n,M??ng Lát,"Huy?n M??ng Lát, Thanh Hoá",,,,,,,,,,,,,,,,,,,,
248,54,Huy?n,Nga S?n,"Huy?n Nga S?n, Thanh Hoá",,,,,,,,,,,,,,,,,,,,
249,54,Huy?n,Ng?c L?c,"Huy?n Ng?c L?c, Thanh Hoá",,,,,,,,,,,,,,,,,,,,
250,54,Huy?n,Nh? Thanh,"Huy?n Nh? Thanh, Thanh Hoá",,,,,,,,,,,,,,,,,,,,
251,54,Huy?n,Nh? Xuân,"Huy?n Nh? Xuân, Thanh Hoá",,,,,,,,,,,,,,,,,,,,
252,54,Huy?n,Nông C?ng,"Huy?n Nông C?ng, Thanh Hoá",,,,,,,,,,,,,,,,,,,,
253,54,Huy?n,Quan Hóa,"Huy?n Quan Hóa, Thanh Hoá",,,,,,,,,,,,,,,,,,,,
254,54,Huy?n,Quan S?n,"Huy?n Quan S?n, Thanh Hoá",,,,,,,,,,,,,,,,,,,,
255,54,Huy?n,Qu?ng X??ng,"Huy?n Qu?ng X??ng, Thanh Hoá",,,,,,,,,,,,,,,,,,,,
256,54,Thành ph?,S?m S?n,"Thành ph? S?m S?n, Thanh Hoá",,,,,,,,,,,,,,,,,,,,
257,54,Huy?n,Th?ch Thành,"Huy?n Th?ch Thành, Thanh Hoá",,,,,,,,,,,,,,,,,,,,
258,54,Thành ph?,Thanh Hóa,"Thành ph? Thanh Hóa, Thanh Hoá",,,,,,,,,,,,,,,,,,,,
259,54,Huy?n,Thi?u Hóa,"Huy?n Thi?u Hóa, Thanh Hoá",,,,,,,,,,,,,,,,,,,,
260,54,Huy?n,Th? Xuân,"Huy?n Th? Xuân, Thanh Hoá",,,,,,,,,,,,,,,,,,,,
261,54,Huy?n,Th??ng Xuân,"Huy?n Th??ng Xuân, Thanh Hoá",,,,,,,,,,,,,,,,,,,,
262,54,Th? xã,Nghi S?n,"Th? xã Nghi S?n, Thanh Hoá",,,,,,,,,,,,,,,,,,,,
263,54,Huy?n,Tri?u S?n,"Huy?n Tri?u S?n, Thanh Hoá",,,,,,,,,,,,,,,,,,,,
264,54,Huy?n,V?nh L?c,"Huy?n V?nh L?c, Thanh Hoá",,,,,,,,,,,,,,,,,,,,
265,54,Huy?n,Yên ??nh,"Huy?n Yên ??nh, Thanh Hoá",,,,,,,,,,,,,,,,,,,,
266,39,Huy?n,Anh S?n,"Huy?n Anh S?n, Ngh? An",,,,,,,,,,,,,,,,,,,,
267,39,Huy?n,Con Cuông,"Huy?n Con Cuông, Ngh? An",,,,,,,,,,,,,,,,,,,,
268,39,Th? xã,C?a Lò,"Th? xã C?a Lò, Ngh? An",,,,,,,,,,,,,,,,,,,,
269,39,Huy?n,Di?n Châu,"Huy?n Di?n Châu, Ngh? An",,,,,,,,,,,,,,,,,,,,
270,39,Huy?n,?ô L??ng,"Huy?n ?ô L??ng, Ngh? An",,,,,,,,,,,,,,,,,,,,
271,39,Th? xã,Hoàng Mai,"Th? xã Hoàng Mai, Ngh? An",,,,,,,,,,,,,,,,,,,,
272,39,Huy?n,H?ng Nguyên,"Huy?n H?ng Nguyên, Ngh? An",,,,,,,,,,,,,,,,,,,,
273,39,Huy?n,K? S?n,"Huy?n K? S?n, Ngh? An",,,,,,,,,,,,,,,,,,,,
274,39,Huy?n,Nam ?àn,"Huy?n Nam ?àn, Ngh? An",,,,,,,,,,,,,,,,,,,,
275,39,Huy?n,Nghi L?c,"Huy?n Nghi L?c, Ngh? An",,,,,,,,,,,,,,,,,,,,
276,39,Huy?n,Ngh?a ?àn,"Huy?n Ngh?a ?àn, Ngh? An",,,,,,,,,,,,,,,,,,,,
277,39,Huy?n,Qu? Phong,"Huy?n Qu? Phong, Ngh? An",,,,,,,,,,,,,,,,,,,,
278,39,Huy?n,Qu? Châu,"Huy?n Qu? Châu, Ngh? An",,,,,,,,,,,,,,,,,,,,
279,39,Huy?n,Qu? H?p,"Huy?n Qu? H?p, Ngh? An",,,,,,,,,,,,,,,,,,,,
280,39,Huy?n,Qu?nh L?u,"Huy?n Qu?nh L?u, Ngh? An",,,,,,,,,,,,,,,,,,,,
281,39,Huy?n,Tân K?,"Huy?n Tân K?, Ngh? An",,,,,,,,,,,,,,,,,,,,
282,39,Th? xã,Thái Hoà,"Th? xã Thái Hoà, Ngh? An",,,,,,,,,,,,,,,,,,,,
283,39,Huy?n,Thanh Ch??ng,"Huy?n Thanh Ch??ng, Ngh? An",,,,,,,,,,,,,,,,,,,,
284,39,Huy?n,T??ng D??ng,"Huy?n T??ng D??ng, Ngh? An",,,,,,,,,,,,,,,,,,,,
285,39,Thành ph?,Vinh,"Thành ph? Vinh, Ngh? An",,,,,,,,,,,,,,,,,,,,
286,39,Huy?n,Yên Thành,"Huy?n Yên Thành, Ngh? An",,,,,,,,,,,,,,,,,,,,
287,25,Huy?n,Bình Giang,"Huy?n Bình Giang, H?i D??ng",,,,,,,,,,,,,,,,,,,,
288,25,Huy?n,C?m Giàng,"Huy?n C?m Giàng, H?i D??ng",,,,,,,,,,,,,,,,,,,,
289,25,Thành ph?,Thành ph? Chí Linh,"Thành ph? Chí Linh, H?i D??ng",,,,,,,,,,,,,,,,,,,,
290,25,Huy?n,Gia L?c,"Huy?n Gia L?c, H?i D??ng",,,,,,,,,,,,,,,,,,,,
291,25,Thành ph?,H?i D??ng,"Thành ph? H?i D??ng, H?i D??ng",,,,,,,,,,,,,,,,,,,,
292,25,Huy?n,Kim Thành,"Huy?n Kim Thành, H?i D??ng",,,,,,,,,,,,,,,,,,,,
293,25,Th? xã,Th? xã Kinh Môn,"Th? xã Kinh Môn, H?i D??ng",,,,,,,,,,,,,,,,,,,,
294,25,Huy?n,Nam Sách,"Huy?n Nam Sách, H?i D??ng",,,,,,,,,,,,,,,,,,,,
295,25,Huy?n,Ninh Giang,"Huy?n Ninh Giang, H?i D??ng",,,,,,,,,,,,,,,,,,,,
296,25,Huy?n,Thanh Hà,"Huy?n Thanh Hà, H?i D??ng",,,,,,,,,,,,,,,,,,,,
297,25,Huy?n,Thanh Mi?n,"Huy?n Thanh Mi?n, H?i D??ng",,,,,,,,,,,,,,,,,,,,
298,25,Huy?n,T? K?,"Huy?n T? K?, H?i D??ng",,,,,,,,,,,,,,,,,,,,
299,19,Th? xã,An Khê,"Th? xã An Khê, Gia Lai",,,,,,,,,,,,,,,,,,,,
300,19,Th? xã,AYun Pa,"Th? xã Ayun Pa, Gia Lai",,,,,,,,,,,,,,,,,,,,
301,19,Huy?n,Ch? P?h,"Huy?n Ch? P?h, Gia Lai",,,,,,,,,,,,,,,,,,,,
302,19,Huy?n,Ch? P?h,"Huy?n Ch? P?h, Gia Lai",,,,,,,,,,,,,,,,,,,,
303,19,Huy?n,Ch? Sê,"Huy?n Ch? Sê, Gia Lai",,,,,,,,,,,,,,,,,,,,
304,19,Huy?n,Ch? Prông,"Huy?n Ch? Prông, Gia Lai",,,,,,,,,,,,,,,,,,,,
305,19,Huy?n,??k ?oa,"Huy?n ??k ?oa, Gia Lai",,,,,,,,,,,,,,,,,,,,
306,19,Huy?n,??k P?,"Huy?n ??k P?, Gia Lai",,,,,,,,,,,,,,,,,,,,
307,19,Huy?n,??c C?,"Huy?n ??c C?, Gia Lai",,,,,,,,,,,,,,,,,,,,
308,19,Huy?n,Ia Grai,"Huy?n Ia Grai, Gia Lai",,,,,,,,,,,,,,,,,,,,
309,19,Huy?n,Ia Pa,"Huy?n Ia Pa, Gia Lai",,,,,,,,,,,,,,,,,,,,
310,19,Huy?n,KBang,"Huy?n KBang, Gia Lai",,,,,,,,,,,,,,,,,,,,
311,19,Huy?n,Kông Chro,"Huy?n Kông Chro, Gia Lai",,,,,,,,,,,,,,,,,,,,
312,19,Huy?n,Krông Pa,"Huy?n Krông Pa, Gia Lai",,,,,,,,,,,,,,,,,,,,
313,19,Huy?n,Mang Yang,"Huy?n Mang Yang, Gia Lai",,,,,,,,,,,,,,,,,,,,
314,19,Huy?n,Phú Thi?n,"Huy?n Phú Thi?n, Gia Lai",,,,,,,,,,,,,,,,,,,,
315,19,Thành ph?,Pleiku,"Thành ph? Pleiku, Gia Lai",,,,,,,,,,,,,,,,,,,,
316,10,Th? xã,Bình Long,"Th? xã Bình Long, Bình Ph??c",,,,,,,,,,,,,,,,,,,,
317,10,Huy?n,Bù ??ng,"Huy?n Bù ??ng, Bình Ph??c",,,,,,,,,,,,,,,,,,,,
318,10,Huy?n,Bù ??p,"Huy?n Bù ??p, Bình Ph??c",,,,,,,,,,,,,,,,,,,,
319,10,Huy?n,Bù Gia M?p,"Huy?n Bù Gia M?p, Bình Ph??c",,,,,,,,,,,,,,,,,,,,
320,10,Th? xã,Ch?n Thành,"Th? xã Ch?n Thành, Bình Ph??c",,,,,,,,,,,,,,,,,,,,
321,10,Huy?n,??ng Phú,"Huy?n ??ng Phú, Bình Ph??c",,,,,,,,,,,,,,,,,,,,
322,10,Thành ph?,??ng Xoài,"Thành ph? ??ng Xoài, Bình Ph??c",,,,,,,,,,,,,,,,,,,,
323,10,Huy?n,H?n Qu?n,"Huy?n H?n Qu?n, Bình Ph??c",,,,,,,,,,,,,,,,,,,,
324,10,Huy?n,L?c Ninh,"Huy?n L?c Ninh, Bình Ph??c",,,,,,,,,,,,,,,,,,,,
325,10,Huy?n,Phú Ri?ng,"Huy?n Phú Ri?ng, Bình Ph??c",,,,,,,,,,,,,,,,,,,,
326,10,Th? xã,Ph??c Long,"Th? xã Ph??c Long, Bình Ph??c",,,,,,,,,,,,,,,,,,,,
327,28,Huy?n,Ân Thi,"Huy?n Ân Thi, H?ng Yên",,,,,,,,,,,,,,,,,,,,
328,28,Thành ph?,H?ng Yên,"Thành ph? H?ng Yên, H?ng Yên",,,,,,,,,,,,,,,,,,,,
329,28,Huy?n,Khoái Châu,"Huy?n Khoái Châu, H?ng Yên",,,,,,,,,,,,,,,,,,,,
330,28,Huy?n,Kim ??ng,"Huy?n Kim ??ng, H?ng Yên",,,,,,,,,,,,,,,,,,,,
331,28,Th? xã,Th? xã M? Hào,"Th? xã M? Hào, H?ng Yên",,,,,,,,,,,,,,,,,,,,
332,28,Huy?n,Phù C?,"Huy?n Phù C?, H?ng Yên",,,,,,,,,,,,,,,,,,,,
333,28,Huy?n,Tiên L?,"Huy?n Tiên L?, H?ng Yên",,,,,,,,,,,,,,,,,,,,
334,28,Huy?n,V?n Giang,"Huy?n V?n Giang, H?ng Yên",,,,,,,,,,,,,,,,,,,,
335,28,Huy?n,V?n Lâm,"Huy?n V?n Lâm, H?ng Yên",,,,,,,,,,,,,,,,,,,,
336,28,Huy?n,Yên M?,"Huy?n Yên M?, H?ng Yên",,,,,,,,,,,,,,,,,,,,
337,9,Huy?n,An Lão,"Huy?n An Lão, Bình ??nh",,,,,,,,,,,,,,,,,,,,
338,9,Th? xã,Th? xã An Nh?n,"Th? xã An Nh?n, Bình ??nh",,,,,,,,,,,,,,,,,,,,
339,9,Huy?n,Hoài Ân,"Huy?n Hoài Ân, Bình ??nh",,,,,,,,,,,,,,,,,,,,
340,9,Th? xã,Th? xã Hoài Nh?n,"Th? xã Hoài Nh?n, Bình ??nh",,,,,,,,,,,,,,,,,,,,
341,9,Huy?n,Phù Cát,"Huy?n Phù Cát, Bình ??nh",,,,,,,,,,,,,,,,,,,,
342,9,Huy?n,Phù M?,"Huy?n Phù M?, Bình ??nh",,,,,,,,,,,,,,,,,,,,
343,9,Thành ph?,Quy Nh?n,"Thành ph? Quy Nh?n, Bình ??nh",,,,,,,,,,,,,,,,,,,,
344,9,Huy?n,Tây S?n,"Huy?n Tây S?n, Bình ??nh",,,,,,,,,,,,,,,,,,,,
345,9,Huy?n,Tuy Ph??c,"Huy?n Tuy Ph??c, Bình ??nh",,,,,,,,,,,,,,,,,,,,
346,9,Huy?n,Vân Canh,"Huy?n Vân Canh, Bình ??nh",,,,,,,,,,,,,,,,,,,,
347,9,Huy?n,V?nh Th?nh,"Huy?n V?nh Th?nh, Bình ??nh",,,,,,,,,,,,,,,,,,,,
348,56,Huy?n,Cái Bè,"Huy?n Cái Bè, Ti?n Giang",,,,,,,,,,,,,,,,,,,,
349,56,Huy?n,Cai L?y,"Huy?n Cai L?y, Ti?n Giang",,,,,,,,,,,,,,,,,,,,
350,56,Huy?n,Châu Thành,"Huy?n Châu Thành, Ti?n Giang",,,,,,,,,,,,,,,,,,,,
351,56,Huy?n,Ch? G?o,"Huy?n Ch? G?o, Ti?n Giang",,,,,,,,,,,,,,,,,,,,
352,56,Th? xã,Gò Công,"Th? xã Gò Công, Ti?n Giang",,,,,,,,,,,,,,,,,,,,
353,56,Huy?n,Gò Công ?ông,"Huy?n Gò Công ?ông, Ti?n Giang",,,,,,,,,,,,,,,,,,,,
354,56,Huy?n,Gò Công Tây,"Huy?n Gò Công Tây, Ti?n Giang",,,,,,,,,,,,,,,,,,,,
355,56,Th? xã,Cai L?y,"Th? xã Cai L?y, Ti?n Giang",,,,,,,,,,,,,,,,,,,,
356,56,Thành ph?,M? Tho,"Thành ph? M? Tho, Ti?n Giang",,,,,,,,,,,,,,,,,,,,
357,56,Huy?n,Tân Phú ?ông,"Huy?n Tân Phú ?ông, Ti?n Giang",,,,,,,,,,,,,,,,,,,,
358,56,Huy?n,Tân Ph??c,"Huy?n Tân Ph??c, Ti?n Giang",,,,,,,,,,,,,,,,,,,,
359,52,Huy?n,?ông H?ng,"Huy?n ?ông H?ng, Thái Bình",,,,,,,,,,,,,,,,,,,,
360,52,Huy?n,H?ng Hà,"Huy?n H?ng Hà, Thái Bình",,,,,,,,,,,,,,,,,,,,
361,52,Huy?n,Ki?n X??ng,"Huy?n Ki?n X??ng, Thái Bình",,,,,,,,,,,,,,,,,,,,
362,52,Huy?n,Qu?nh Ph?,"Huy?n Qu?nh Ph?, Thái Bình",,,,,,,,,,,,,,,,,,,,
363,52,Thành ph?,Thái Bình,"Thành ph? Thái Bình, Thái Bình",,,,,,,,,,,,,,,,,,,,
364,52,Huy?n,Thái Th?y,"Huy?n Thái Th?y, Thái Bình",,,,,,,,,,,,,,,,,,,,
365,52,Huy?n,Ti?n H?i,"Huy?n Ti?n H?i, Thái Bình",,,,,,,,,,,,,,,,,,,,
366,52,Huy?n,V? Th?,"Huy?n V? Th?, Thái Bình",,,,,,,,,,,,,,,,,,,,
367,5,Thành ph?,B?c Giang,"Thành ph? B?c Giang, B?c Giang",,,,,,,,,,,,,,,,,,,,
368,5,Huy?n,Hi?p Hòa,"Huy?n Hi?p Hòa, B?c Giang",,,,,,,,,,,,,,,,,,,,
369,5,Huy?n,L?ng Giang,"Huy?n L?ng Giang, B?c Giang",,,,,,,,,,,,,,,,,,,,
370,5,Huy?n,L?c Nam,"Huy?n L?c Nam, B?c Giang",,,,,,,,,,,,,,,,,,,,
371,5,Huy?n,L?c Ng?n,"Huy?n L?c Ng?n, B?c Giang",,,,,,,,,,,,,,,,,,,,
372,5,Huy?n,S?n ??ng,"Huy?n S?n ??ng, B?c Giang",,,,,,,,,,,,,,,,,,,,
373,5,Huy?n,Tân Yên,"Huy?n Tân Yên, B?c Giang",,,,,,,,,,,,,,,,,,,,
374,5,Huy?n,Vi?t Yên,"Huy?n Vi?t Yên, B?c Giang",,,,,,,,,,,,,,,,,,,,
375,5,Huy?n,Yên D?ng,"Huy?n Yên D?ng, B?c Giang",,,,,,,,,,,,,,,,,,,,
376,5,Huy?n,Yên Th?,"Huy?n Yên Th?, B?c Giang",,,,,,,,,,,,,,,,,,,,
377,27,Huy?n,Cao Phong,"Huy?n Cao Phong, Hoà Bình",,,,,,,,,,,,,,,,,,,,
378,27,Huy?n,?à B?c,"Huy?n ?à B?c, Hoà Bình",,,,,,,,,,,,,,,,,,,,
379,27,Thành ph?,Hòa Bình,"Thành ph? Hòa Bình, Hoà Bình",,,,,,,,,,,,,,,,,,,,
380,27,Huy?n,Kim Bôi,"Huy?n Kim Bôi, Hoà Bình",,,,,,,,,,,,,,,,,,,,
382,27,Huy?n,L?c S?n,"Huy?n L?c S?n, Hoà Bình",,,,,,,,,,,,,,,,,,,,
383,27,Huy?n,L?c Th?y,"Huy?n L?c Th?y, Hoà Bình",,,,,,,,,,,,,,,,,,,,
384,27,Huy?n,L??ng S?n,"Huy?n L??ng S?n, Hoà Bình",,,,,,,,,,,,,,,,,,,,
385,27,Huy?n,Mai Châu,"Huy?n Mai Châu, Hoà Bình",,,,,,,,,,,,,,,,,,,,
386,27,Huy?n,Tân L?c,"Huy?n Tân L?c, Hoà Bình",,,,,,,,,,,,,,,,,,,,
387,27,Huy?n,Yên Th?y,"Huy?n Yên Th?y, Hoà Bình",,,,,,,,,,,,,,,,,,,,
388,66,Huy?n,An Phú,"Huy?n An Phú, An Giang",,,,,,,,,,,,,,,,,,,,
389,66,Thành ph?,Châu ??c,"Thành ph? Châu ??c, An Giang",,,,,,,,,,,,,,,,,,,,
390,66,Huy?n,Châu Phú,"Huy?n Châu Phú, An Giang",,,,,,,,,,,,,,,,,,,,
391,66,Huy?n,Châu Thành,"Huy?n Châu Thành, An Giang",,,,,,,,,,,,,,,,,,,,
392,66,Huy?n,Ch? M?i,"Huy?n Ch? M?i, An Giang",,,,,,,,,,,,,,,,,,,,
393,66,Thành ph?,Long Xuyên,"Thành ph? Long Xuyên, An Giang",,,,,,,,,,,,,,,,,,,,
394,66,Huy?n,Phú Tân,"Huy?n Phú Tân, An Giang",,,,,,,,,,,,,,,,,,,,
395,66,Th? xã,Tân Châu,"Th? xã Tân Châu, An Giang",,,,,,,,,,,,,,,,,,,,
396,66,Huy?n,Tho?i S?n,"Huy?n Tho?i S?n, An Giang",,,,,,,,,,,,,,,,,,,,
397,66,Huy?n,T?nh Biên,"Huy?n T?nh Biên, An Giang",,,,,,,,,,,,,,,,,,,,
398,66,Huy?n,Tri Tôn,"Huy?n Tri Tôn, An Giang",,,,,,,,,,,,,,,,,,,,
399,60,Huy?n,Bình Xuyên,"Huy?n Bình Xuyên, V?nh Phúc",,,,,,,,,,,,,,,,,,,,
400,60,Huy?n,L?p Th?ch,"Huy?n L?p Th?ch, V?nh Phúc",,,,,,,,,,,,,,,,,,,,
401,60,Thành ph?,Thành ph? Phúc Yên,"Thành ph? Phúc Yên, V?nh Phúc",,,,,,,,,,,,,,,,,,,,
402,60,Huy?n,Sông Lô,"Huy?n Sông Lô, V?nh Phúc",,,,,,,,,,,,,,,,,,,,
403,60,Huy?n,Tam ??o,"Huy?n Tam ??o, V?nh Phúc",,,,,,,,,,,,,,,,,,,,
404,60,Huy?n,Tam D??ng,"Huy?n Tam D??ng, V?nh Phúc",,,,,,,,,,,,,,,,,,,,
405,60,Huy?n,V?nh T??ng,"Huy?n V?nh T??ng, V?nh Phúc",,,,,,,,,,,,,,,,,,,,
406,60,Thành ph?,V?nh Yên,"Thành ph? V?nh Yên, V?nh Phúc",,,,,,,,,,,,,,,,,,,,
407,60,Huy?n,Yên L?c,"Huy?n Yên L?c, V?nh Phúc",,,,,,,,,,,,,,,,,,,,
408,51,Huy?n,B?n C?u,"Huy?n B?n C?u, Tây Ninh",,,,,,,,,,,,,,,,,,,,
409,51,Huy?n,Châu Thành,"Huy?n Châu Thành, Tây Ninh",,,,,,,,,,,,,,,,,,,,
410,51,Huy?n,D??ng Minh Châu,"Huy?n D??ng Minh Châu, Tây Ninh",,,,,,,,,,,,,,,,,,,,
411,51,Huy?n,Gò D?u,"Huy?n Gò D?u, Tây Ninh",,,,,,,,,,,,,,,,,,,,
412,51,Th? xã,Hòa Thành,"Th? xã Hòa Thành, Tây Ninh",,,,,,,,,,,,,,,,,,,,
413,51,Huy?n,Tân Biên,"Huy?n Tân Biên, Tây Ninh",,,,,,,,,,,,,,,,,,,,
414,51,Huy?n,Tân Châu,"Huy?n Tân Châu, Tây Ninh",,,,,,,,,,,,,,,,,,,,
415,51,Thành ph?,Thành ph? Tây Ninh,"Thành ph? Tây Ninh, Tây Ninh",,,,,,,,,,,,,,,,,,,,
416,51,Th? xã,Th? xã Tr?ng Bàng,"Th? xã Tr?ng Bàng, Tây Ninh",,,,,,,,,,,,,,,,,,,,
417,53,Huy?n,??i T?,"Huy?n ??i T?, Thái Nguyên",,,,,,,,,,,,,,,,,,,,
418,53,Huy?n,??nh Hóa,"Huy?n ??nh Hóa, Thái Nguyên",,,,,,,,,,,,,,,,,,,,
419,53,Huy?n,??ng H?,"Huy?n ??ng H?, Thái Nguyên",,,,,,,,,,,,,,,,,,,,
420,53,Thành ph?,Thành ph? Ph? Yên,"Thành ph? Ph? Yên, Thái Nguyên",,,,,,,,,,,,,,,,,,,,
421,53,Huy?n,Phú Bình,"Huy?n Phú Bình, Thái Nguyên",,,,,,,,,,,,,,,,,,,,
422,53,Huy?n,Phú L??ng,"Huy?n Phú L??ng, Thái Nguyên",,,,,,,,,,,,,,,,,,,,
423,53,Thành ph?,Thành ph? Sông Công,"Thành ph? Sông Công, Thái Nguyên",,,,,,,,,,,,,,,,,,,,
424,53,Thành ph?,Thái Nguyên,"Thành ph? Thái Nguyên, Thái Nguyên",,,,,,,,,,,,,,,,,,,,
425,53,Huy?n,Võ Nhai,"Huy?n Võ Nhai, Thái Nguyên",,,,,,,,,,,,,,,,,,,,
426,35,Huy?n,B?c Hà,"Huy?n B?c Hà, Lào Cai",,,,,,,,,,,,,,,,,,,,
427,35,Huy?n,B?o Th?ng,"Huy?n B?o Th?ng, Lào Cai",,,,,,,,,,,,,,,,,,,,
428,35,Huy?n,B?o Yên,"Huy?n B?o Yên, Lào Cai",,,,,,,,,,,,,,,,,,,,
429,35,Huy?n,Bát Xát,"Huy?n Bát Xát, Lào Cai",,,,,,,,,,,,,,,,,,,,
430,35,Thành ph?,Lào Cai,"Thành ph? Lào Cai, Lào Cai",,,,,,,,,,,,,,,,,,,,
431,35,Huy?n,M??ng Kh??ng,"Huy?n M??ng Kh??ng, Lào Cai",,,,,,,,,,,,,,,,,,,,
432,35,Th? xã,Th? xã Sa Pa,"Th? xã Sa Pa, Lào Cai",,,,,,,,,,,,,,,,,,,,
433,35,Huy?n,V?n Bàn,"Huy?n V?n Bàn, Lào Cai",,,,,,,,,,,,,,,,,,,,
434,35,Huy?n,Si Ma Cai,"Huy?n Si Ma Cai, Lào Cai",,,,,,,,,,,,,,,,,,,,
435,38,Huy?n,Giao Th?y,"Huy?n Giao Th?y, Nam ??nh",,,,,,,,,,,,,,,,,,,,
436,38,Huy?n,H?i H?u,"Huy?n H?i H?u, Nam ??nh",,,,,,,,,,,,,,,,,,,,
437,38,Huy?n,M? L?c,"Huy?n M? L?c, Nam ??nh",,,,,,,,,,,,,,,,,,,,
438,38,Thành ph?,Nam ??nh,"Thành ph? Nam ??nh, Nam ??nh",,,,,,,,,,,,,,,,,,,,
439,38,Huy?n,Nam Tr?c,"Huy?n Nam Tr?c, Nam ??nh",,,,,,,,,,,,,,,,,,,,
440,38,Huy?n,Ngh?a H?ng,"Huy?n Ngh?a H?ng, Nam ??nh",,,,,,,,,,,,,,,,,,,,
441,38,Huy?n,Tr?c Ninh,"Huy?n Tr?c Ninh, Nam ??nh",,,,,,,,,,,,,,,,,,,,
442,38,Huy?n,V? B?n,"Huy?n V? B?n, Nam ??nh",,,,,,,,,,,,,,,,,,,,
443,38,Huy?n,Xuân Tr??ng,"Huy?n Xuân Tr??ng, Nam ??nh",,,,,,,,,,,,,,,,,,,,
444,38,Huy?n,Ý Yên,"Huy?n Ý Yên, Nam ??nh",,,,,,,,,,,,,,,,,,,,
445,46,Huy?n,Ba T?,"Huy?n Ba T?, Qu?ng Ngãi",,,,,,,,,,,,,,,,,,,,
446,46,Huy?n,Bình S?n,"Huy?n Bình S?n, Qu?ng Ngãi",,,,,,,,,,,,,,,,,,,,
447,46,Th? xã,Th? xã ??c Ph?,"Th? xã ??c Ph?, Qu?ng Ngãi",,,,,,,,,,,,,,,,,,,,
448,46,Huy?n,Lý S?n,"Huy?n Lý S?n, Qu?ng Ngãi",,,,,,,,,,,,,,,,,,,,
449,46,Huy?n,Minh Long,"Huy?n Minh Long, Qu?ng Ngãi",,,,,,,,,,,,,,,,,,,,
450,46,Huy?n,M? ??c,"Huy?n M? ??c, Qu?ng Ngãi",,,,,,,,,,,,,,,,,,,,
451,46,Huy?n,Ngh?a Hành,"Huy?n Ngh?a Hành, Qu?ng Ngãi",,,,,,,,,,,,,,,,,,,,
452,46,Thành ph?,Qu?ng Ngãi,"Thành ph? Qu?ng Ngãi, Qu?ng Ngãi",,,,,,,,,,,,,,,,,,,,
453,46,Huy?n,S?n Hà,"Huy?n S?n Hà, Qu?ng Ngãi",,,,,,,,,,,,,,,,,,,,
454,46,Huy?n,S?n Tây,"Huy?n S?n Tây, Qu?ng Ngãi",,,,,,,,,,,,,,,,,,,,
455,46,Huy?n,S?n T?nh,"Huy?n S?n T?nh, Qu?ng Ngãi",,,,,,,,,,,,,,,,,,,,
457,46,Huy?n,Trà B?ng,"Huy?n Trà B?ng, Qu?ng Ngãi",,,,,,,,,,,,,,,,,,,,
458,46,Huy?n,T? Ngh?a,"Huy?n T? Ngh?a, Qu?ng Ngãi",,,,,,,,,,,,,,,,,,,,
459,75,Huy?n,Ba Tri,"Huy?n Ba Tri, B?n Tre",,,,,,,,,,,,,,,,,,,,
460,75,Thành ph?,B?n Tre,"Thành ph? B?n Tre, B?n Tre",,,,,,,,,,,,,,,,,,,,
461,75,Huy?n,Bình ??i,"Huy?n Bình ??i, B?n Tre",,,,,,,,,,,,,,,,,,,,
462,75,Huy?n,Châu Thành,"Huy?n Châu Thành, B?n Tre",,,,,,,,,,,,,,,,,,,,
463,75,Huy?n,Ch? Lách,"Huy?n Ch? Lách, B?n Tre",,,,,,,,,,,,,,,,,,,,
464,75,Huy?n,Gi?ng Trôm,"Huy?n Gi?ng Trôm, B?n Tre",,,,,,,,,,,,,,,,,,,,
465,75,Huy?n,M? Cày B?c,"Huy?n M? Cày B?c, B?n Tre",,,,,,,,,,,,,,,,,,,,
466,75,Huy?n,M? Cày Nam,"Huy?n M? Cày Nam, B?n Tre",,,,,,,,,,,,,,,,,,,,
467,75,Huy?n,Th?nh Phú,"Huy?n Th?nh Phú, B?n Tre",,,,,,,,,,,,,,,,,,,,
468,71,Huy?n,C? Jút,"Huy?n C? Jút, ??k Nông",,,,,,,,,,,,,,,,,,,,
469,71,Huy?n,??k Glong,"Huy?n ??k Glong, ??k Nông",,,,,,,,,,,,,,,,,,,,
470,71,Huy?n,??k Mil,"Huy?n ??k Mil, ??k Nông",,,,,,,,,,,,,,,,,,,,
471,71,Huy?n,D?k R'L?p,"Huy?n ??k R'L?p, ??k Nông",,,,,,,,,,,,,,,,,,,,
472,71,Huy?n,??k Song,"Huy?n ??k Song, ??k Nông",,,,,,,,,,,,,,,,,,,,
473,71,Thành ph?,Thành ph? Gia Ngh?a,"Thành ph? Gia Ngh?a, ??k Nông",,,,,,,,,,,,,,,,,,,,
474,71,Huy?n,Krông Nô,"Huy?n Krông Nô, ??k Nông",,,,,,,,,,,,,,,,,,,,
475,71,Huy?n,Tuy ??c,"Huy?n Tuy ??c, ??k Nông",,,,,,,,,,,,,,,,,,,,
476,12,Thành ph?,Cà Mau,"Thành ph? Cà Mau, Cà Mau",,,,,,,,,,,,,,,,,,,,
477,12,Huy?n,Cái N??c,"Huy?n Cái N??c, Cà Mau",,,,,,,,,,,,,,,,,,,,
478,12,Huy?n,??m D?i,"Huy?n ??m D?i, Cà Mau",,,,,,,,,,,,,,,,,,,,
479,12,Huy?n,N?m C?n,"Huy?n N?m C?n, Cà Mau",,,,,,,,,,,,,,,,,,,,
480,12,Huy?n,Ng?c Hi?n,"Huy?n Ng?c Hi?n, Cà Mau",,,,,,,,,,,,,,,,,,,,
481,12,Huy?n,Phú Tân,"Huy?n Phú Tân, Cà Mau",,,,,,,,,,,,,,,,,,,,
482,12,Huy?n,Th?i Bình,"Huy?n Th?i Bình, Cà Mau",,,,,,,,,,,,,,,,,,,,
483,12,Huy?n,Tr?n V?n Th?i,"Huy?n Tr?n V?n Th?i, Cà Mau",,,,,,,,,,,,,,,,,,,,
484,12,Huy?n,U Minh,"Huy?n U Minh, Cà Mau",,,,,,,,,,,,,,,,,,,,
485,59,Th? xã,Th? xã Bình Minh,"Th? xã Bình Minh, V?nh Long",,,,,,,,,,,,,,,,,,,,
486,59,Huy?n,Huy?n Bình Tân,"Huy?n Bình Tân, V?nh Long",,,,,,,,,,,,,,,,,,,,
487,59,Huy?n,Long H?,"Huy?n Long H?, V?nh Long",,,,,,,,,,,,,,,,,,,,
488,59,Huy?n,Mang Thít,"Huy?n Mang Thít, V?nh Long",,,,,,,,,,,,,,,,,,,,
489,59,Huy?n,Tam Bình,"Huy?n Tam Bình, V?nh Long",,,,,,,,,,,,,,,,,,,,
490,59,Huy?n,Trà Ôn,"Huy?n Trà Ôn, V?nh Long",,,,,,,,,,,,,,,,,,,,
491,59,Thành ph?,V?nh Long,"Thành ph? V?nh Long, V?nh Long",,,,,,,,,,,,,,,,,,,,
492,59,Huy?n,V?ng Liêm,"Huy?n V?ng Liêm, V?nh Long",,,,,,,,,,,,,,,,,,,,
493,40,Huy?n,Gia Vi?n,"Huy?n Gia Vi?n, Ninh Bình",,,,,,,,,,,,,,,,,,,,
494,40,Huy?n,Hoa L?,"Huy?n Hoa L?, Ninh Bình",,,,,,,,,,,,,,,,,,,,
495,40,Huy?n,Kim S?n,"Huy?n Kim S?n, Ninh Bình",,,,,,,,,,,,,,,,,,,,
496,40,Huy?n,Nho Quan,"Huy?n Nho Quan, Ninh Bình",,,,,,,,,,,,,,,,,,,,
497,40,Thành ph?,Ninh Bình,"Thành ph? Ninh Bình, Ninh Bình",,,,,,,,,,,,,,,,,,,,
498,40,Thành ph?,Thành ph? Tam ?i?p,"Thành ph? Tam ?i?p, Ninh Bình",,,,,,,,,,,,,,,,,,,,
499,40,Huy?n,Yên Khánh,"Huy?n Yên Khánh, Ninh Bình",,,,,,,,,,,,,,,,,,,,
500,40,Huy?n,Yên Mô,"Huy?n Yên Mô, Ninh Bình",,,,,,,,,,,,,,,,,,,,
501,42,Huy?n,C?m Khê,"Huy?n C?m Khê, Phú Th?",,,,,,,,,,,,,,,,,,,,
502,42,Huy?n,?oan Hùng,"Huy?n ?oan Hùng, Phú Th?",,,,,,,,,,,,,,,,,,,,
503,42,Huy?n,H? Hoà,"Huy?n H? Hoà, Phú Th?",,,,,,,,,,,,,,,,,,,,
504,42,Huy?n,Lâm Thao,"Huy?n Lâm Thao, Phú Th?",,,,,,,,,,,,,,,,,,,,
505,42,Huy?n,Phù Ninh,"Huy?n Phù Ninh, Phú Th?",,,,,,,,,,,,,,,,,,,,
506,42,Th? xã,Phú Th?,"Th? xã Phú Th?, Phú Th?",,,,,,,,,,,,,,,,,,,,
507,42,Huy?n,Tam Nông,"Huy?n Tam Nông, Phú Th?",,,,,,,,,,,,,,,,,,,,
508,42,Huy?n,Tân S?n,"Huy?n Tân S?n, Phú Th?",,,,,,,,,,,,,,,,,,,,
509,42,Huy?n,Thanh Ba,"Huy?n Thanh Ba, Phú Th?",,,,,,,,,,,,,,,,,,,,
510,42,Huy?n,Thanh S?n,"Huy?n Thanh S?n, Phú Th?",,,,,,,,,,,,,,,,,,,,
511,42,Huy?n,Thanh Thu?,"Huy?n Thanh Thu?, Phú Th?",,,,,,,,,,,,,,,,,,,,
512,42,Thành ph?,Vi?t Trì,"Thành ph? Vi?t Trì, Phú Th?",,,,,,,,,,,,,,,,,,,,
513,42,Huy?n,Yên L?p,"Huy?n Yên L?p, Phú Th?",,,,,,,,,,,,,,,,,,,,
514,41,Huy?n,Bác Ái,"Huy?n Bác Ái, Ninh Thu?n",,,,,,,,,,,,,,,,,,,,
515,41,Huy?n,Ninh H?i,"Huy?n Ninh H?i, Ninh Thu?n",,,,,,,,,,,,,,,,,,,,
516,41,Huy?n,Ninh Ph??c,"Huy?n Ninh Ph??c, Ninh Thu?n",,,,,,,,,,,,,,,,,,,,
517,41,Huy?n,Ninh S?n,"Huy?n Ninh S?n, Ninh Thu?n",,,,,,,,,,,,,,,,,,,,
518,41,Thành ph?,Phan Rang-Tháp Chàm,"Thành ph? Phan Rang-Tháp Chàm, Ninh Thu?n",,,,,,,,,,,,,,,,,,,,
519,41,Huy?n,Thu?n B?c,"Huy?n Thu?n B?c, Ninh Thu?n",,,,,,,,,,,,,,,,,,,,
520,41,Huy?n,Thu?n Nam,"Huy?n Thu?n Nam, Ninh Thu?n",,,,,,,,,,,,,,,,,,,,
521,74,Th? xã,Th? xã ?ông Hòa,"Th? xã ?ông Hòa, Phú Yên",,,,,,,,,,,,,,,,,,,,
522,74,Huy?n,??ng Xuân,"Huy?n ??ng Xuân, Phú Yên",,,,,,,,,,,,,,,,,,,,
523,74,Huy?n,Phú Hoà,"Huy?n Phú Hoà, Phú Yên",,,,,,,,,,,,,,,,,,,,
524,74,Huy?n,S?n Hòa,"Huy?n S?n Hòa, Phú Yên",,,,,,,,,,,,,,,,,,,,
525,74,Th? xã,Sông C?u,"Th? xã Sông C?u, Phú Yên",,,,,,,,,,,,,,,,,,,,
526,74,Huy?n,Sông Hinh,"Huy?n Sông Hinh, Phú Yên",,,,,,,,,,,,,,,,,,,,
527,74,Huy?n,Tây Hoà,"Huy?n Tây Hoà, Phú Yên",,,,,,,,,,,,,,,,,,,,
528,74,Huy?n,Tuy An,"Huy?n Tuy An, Phú Yên",,,,,,,,,,,,,,,,,,,,
529,74,Thành ph?,Tuy Hoà,"Thành ph? Tuy Hoà, Phú Yên",,,,,,,,,,,,,,,,,,,,
530,21,Huy?n,Bình L?c,"Huy?n Bình L?c, Hà Nam",,,,,,,,,,,,,,,,,,,,
531,21,Th? xã,Th? xã Duy Tiên,"Th? xã Duy Tiên, Hà Nam",,,,,,,,,,,,,,,,,,,,
532,21,Huy?n,Kim B?ng,"Huy?n Kim B?ng, Hà Nam",,,,,,,,,,,,,,,,,,,,
533,21,Huy?n,Lý Nhân,"Huy?n Lý Nhân, Hà Nam",,,,,,,,,,,,,,,,,,,,
534,21,Thành ph?,Ph? Lý,"Thành ph? Ph? Lý, Hà Nam",,,,,,,,,,,,,,,,,,,,
535,21,Huy?n,Thanh Liêm,"Huy?n Thanh Liêm, Hà Nam",,,,,,,,,,,,,,,,,,,,
536,24,Huy?n,C?m Xuyên,"Huy?n C?m Xuyên, Hà T?nh",,,,,,,,,,,,,,,,,,,,
537,24,Huy?n,Can L?c,"Huy?n Can L?c, Hà T?nh",,,,,,,,,,,,,,,,,,,,
538,24,Huy?n,??c Th?,"Huy?n ??c Th?, Hà T?nh",,,,,,,,,,,,,,,,,,,,
539,24,Thành ph?,Hà T?nh,"Thành ph? Hà T?nh, Hà T?nh",,,,,,,,,,,,,,,,,,,,
540,24,Th? xã,H?ng L?nh,"Th? xã H?ng L?nh, Hà T?nh",,,,,,,,,,,,,,,,,,,,
541,24,Huy?n,H??ng Khê,"Huy?n H??ng Khê, Hà T?nh",,,,,,,,,,,,,,,,,,,,
542,24,Huy?n,H??ng S?n,"Huy?n H??ng S?n, Hà T?nh",,,,,,,,,,,,,,,,,,,,
543,24,Huy?n,K? Anh,"Huy?n K? Anh, Hà T?nh",,,,,,,,,,,,,,,,,,,,
544,24,Huy?n,L?c Hà,"Huy?n L?c Hà, Hà T?nh",,,,,,,,,,,,,,,,,,,,
545,24,Huy?n,Nghi Xuân,"Huy?n Nghi Xuân, Hà T?nh",,,,,,,,,,,,,,,,,,,,
546,24,Huy?n,Th?ch Hà,"Huy?n Th?ch Hà, Hà T?nh",,,,,,,,,,,,,,,,,,,,
547,24,Huy?n,V? Quang,"Huy?n V? Quang, Hà T?nh",,,,,,,,,,,,,,,,,,,,
548,18,Thành ph?,Cao Lãnh,"Thành ph? Cao Lãnh, ??ng Tháp",,,,,,,,,,,,,,,,,,,,
549,18,Huy?n,Châu Thành,"Huy?n Châu Thành, ??ng Tháp",,,,,,,,,,,,,,,,,,,,
550,18,Huy?n,H?ng Ng?,"Huy?n H?ng Ng?, ??ng Tháp",,,,,,,,,,,,,,,,,,,,
551,18,Huy?n,Cao Lãnh,"Huy?n Cao Lãnh, ??ng Tháp",,,,,,,,,,,,,,,,,,,,
552,18,Thành ph?,H?ng Ng?,"Thành ph? H?ng Ng?, ??ng Tháp",,,,,,,,,,,,,,,,,,,,
553,18,Huy?n,Lai Vung,"Huy?n Lai Vung, ??ng Tháp",,,,,,,,,,,,,,,,,,,,
554,18,Huy?n,L?p Vò,"Huy?n L?p Vò, ??ng Tháp",,,,,,,,,,,,,,,,,,,,
555,18,Thành ph?,Thành ph? Sa ?éc,"Thành ph? Sa ?éc, ??ng Tháp",,,,,,,,,,,,,,,,,,,,
556,18,Huy?n,Tam Nông,"Huy?n Tam Nông, ??ng Tháp",,,,,,,,,,,,,,,,,,,,
557,18,Huy?n,Tân H?ng,"Huy?n Tân H?ng, ??ng Tháp",,,,,,,,,,,,,,,,,,,,
558,18,Huy?n,Thanh Bình,"Huy?n Thanh Bình, ??ng Tháp",,,,,,,,,,,,,,,,,,,,
559,18,Huy?n,Tháp M??i,"Huy?n Tháp M??i, ??ng Tháp",,,,,,,,,,,,,,,,,,,,
560,49,Huy?n,Châu Thành,"Huy?n Châu Thành, Sóc Tr?ng",,,,,,,,,,,,,,,,,,,,
561,49,Huy?n,Cù Lao Dung,"Huy?n Cù Lao Dung, Sóc Tr?ng",,,,,,,,,,,,,,,,,,,,
562,49,Huy?n,K? Sách,"Huy?n K? Sách, Sóc Tr?ng",,,,,,,,,,,,,,,,,,,,
563,49,Huy?n,Long Phú,"Huy?n Long Phú, Sóc Tr?ng",,,,,,,,,,,,,,,,,,,,
564,49,Huy?n,M? Tú,"Huy?n M? Tú, Sóc Tr?ng",,,,,,,,,,,,,,,,,,,,
565,49,Huy?n,M? Xuyên,"Huy?n M? Xuyên, Sóc Tr?ng",,,,,,,,,,,,,,,,,,,,
566,49,Th? xã,Th? xã Ngã N?m,"Th? xã Ngã N?m, Sóc Tr?ng",,,,,,,,,,,,,,,,,,,,
567,49,Thành ph?,Sóc Tr?ng,"Thành ph? Sóc Tr?ng, Sóc Tr?ng",,,,,,,,,,,,,,,,,,,,
568,49,Huy?n,Th?nh Tr?,"Huy?n Th?nh Tr?, Sóc Tr?ng",,,,,,,,,,,,,,,,,,,,
569,49,Huy?n,Tr?n ??,"Huy?n Tr?n ??, Sóc Tr?ng",,,,,,,,,,,,,,,,,,,,
570,49,Th? xã,Th? xã V?nh Châu,"Th? xã V?nh Châu, Sóc Tr?ng",,,,,,,,,,,,,,,,,,,,
571,32,Huy?n,??k Glei,"Huy?n ??k Glei, Kon Tum",,,,,,,,,,,,,,,,,,,,
572,32,Huy?n,??k Hà,"Huy?n ??k Hà, Kon Tum",,,,,,,,,,,,,,,,,,,,
573,32,Huy?n,??k Tô,"Huy?n ??k Tô, Kon Tum",,,,,,,,,,,,,,,,,,,,
574,32,Huy?n,Ia H'Drai,"Huy?n Ia H' Drai, Kon Tum",,,,,,,,,,,,,,,,,,,,
575,32,Huy?n,Kon Plông,"Huy?n Kon Plông, Kon Tum",,,,,,,,,,,,,,,,,,,,
576,32,Huy?n,Kon R?y,"Huy?n Kon R?y, Kon Tum",,,,,,,,,,,,,,,,,,,,
577,32,Thành ph?,Kon Tum,"Thành ph? Kon Tum, Kon Tum",,,,,,,,,,,,,,,,,,,,
578,32,Huy?n,Ng?c H?i,"Huy?n Ng?c H?i, Kon Tum",,,,,,,,,,,,,,,,,,,,
579,32,Huy?n,Sa Th?y,"Huy?n Sa Th?y, Kon Tum",,,,,,,,,,,,,,,,,,,,
580,32,Huy?n,Tu M? Rông,"Huy?n Tu M? Rông, Kon Tum",,,,,,,,,,,,,,,,,,,,
581,44,Th? xã,Ba ??n,"Th? xã Ba ??n, Qu?ng Bình",,,,,,,,,,,,,,,,,,,,
582,44,Huy?n,B? Tr?ch,"Huy?n B? Tr?ch, Qu?ng Bình",,,,,,,,,,,,,,,,,,,,
583,44,Thành ph?,??ng H?i,"Thành Ph? ??ng H?i, Qu?ng Bình",,,,,,,,,,,,,,,,,,,,
584,44,Huy?n,L? Th?y,"Huy?n L? Th?y, Qu?ng Bình",,,,,,,,,,,,,,,,,,,,
585,44,Huy?n,Minh Hóa,"Huy?n Minh Hóa, Qu?ng Bình",,,,,,,,,,,,,,,,,,,,
586,44,Huy?n,Qu?ng Ninh,"Huy?n Qu?ng Ninh, Qu?ng Bình",,,,,,,,,,,,,,,,,,,,
587,44,Huy?n,Qu?ng Tr?ch,"Huy?n Qu?ng Tr?ch, Qu?ng Bình",,,,,,,,,,,,,,,,,,,,
588,44,Huy?n,Tuyên Hóa,"Huy?n Tuyên Hóa, Qu?ng Bình",,,,,,,,,,,,,,,,,,,,
589,48,Huy?n,Cam L?,"Huy?n Cam L?, Qu?ng Tr?",,,,,,,,,,,,,,,,,,,,
590,48,Huy?n,?a Krông,"Huy?n ?a Krông, Qu?ng Tr?",,,,,,,,,,,,,,,,,,,,
591,48,Huy?n,C?n C?,"Huy?n C?n C?, Qu?ng Tr?",,,,,,,,,,,,,,,,,,,,
592,48,Thành ph?,?ông Hà,"Thành ph? ?ông Hà, Qu?ng Tr?",,,,,,,,,,,,,,,,,,,,
593,48,Huy?n,Gio Linh,"Huy?n Gio Linh, Qu?ng Tr?",,,,,,,,,,,,,,,,,,,,
594,48,Huy?n,H?i L?ng,"Huy?n H?i L?ng, Qu?ng Tr?",,,,,,,,,,,,,,,,,,,,
595,48,Huy?n,H??ng Hóa,"Huy?n H??ng Hóa, Qu?ng Tr?",,,,,,,,,,,,,,,,,,,,
596,48,Th? xã,Qu?ng Tr?,"Th? xã Qu?ng Tr?, Qu?ng Tr?",,,,,,,,,,,,,,,,,,,,
597,48,Huy?n,Tri?u Phong,"Huy?n Tri?u Phong, Qu?ng Tr?",,,,,,,,,,,,,,,,,,,,
598,48,Huy?n,V?nh Linh,"Huy?n V?nh Linh, Qu?ng Tr?",,,,,,,,,,,,,,,,,,,,
599,57,Huy?n,Càng Long,"Huy?n Càng Long, Trà Vinh",,,,,,,,,,,,,,,,,,,,
600,57,Huy?n,C?u Kè,"Huy?n C?u Kè, Trà Vinh",,,,,,,,,,,,,,,,,,,,
601,57,Huy?n,C?u Ngang,"Huy?n C?u Ngang, Trà Vinh",,,,,,,,,,,,,,,,,,,,
602,57,Huy?n,Châu Thành,"Huy?n Châu Thành, Trà Vinh",,,,,,,,,,,,,,,,,,,,
603,57,Huy?n,Duyên H?i,"Huy?n Duyên H?i, Trà Vinh",,,,,,,,,,,,,,,,,,,,
604,57,Huy?n,Ti?u C?n,"Huy?n Ti?u C?n, Trà Vinh",,,,,,,,,,,,,,,,,,,,
605,57,Huy?n,Trà Cú,"Huy?n Trà Cú, Trà Vinh",,,,,,,,,,,,,,,,,,,,
606,57,Thành ph?,Trà Vinh,"Thành ph? Trà Vinh, Trà Vinh",,,,,,,,,,,,,,,,,,,,
607,70,Huy?n,Châu Thành,"Huy?n Châu Thành, H?u Giang",,,,,,,,,,,,,,,,,,,,
608,70,Huy?n,Châu Thành A,"Huy?n Châu Thành A, H?u Giang",,,,,,,,,,,,,,,,,,,,
609,70,Huy?n,Long M?,"Huy?n Long M?, H?u Giang",,,,,,,,,,,,,,,,,,,,
610,70,Thành ph?,Thành ph? Ngã B?y,"Thành ph? Ngã B?y, H?u Giang",,,,,,,,,,,,,,,,,,,,
611,70,Huy?n,Ph?ng Hi?p,"Huy?n Ph?ng Hi?p, H?u Giang",,,,,,,,,,,,,,,,,,,,
612,70,Thành ph?,V? Thanh,"Thành ph? V? Thanh, H?u Giang",,,,,,,,,,,,,,,,,,,,
613,70,Huy?n,V? Thu?,"Huy?n V? Thu?, H?u Giang",,,,,,,,,,,,,,,,,,,,
614,50,Huy?n,B?c Yên,"Huy?n B?c Yên, S?n La",,,,,,,,,,,,,,,,,,,,
615,50,Huy?n,Mai S?n,"Huy?n Mai S?n, S?n La",,,,,,,,,,,,,,,,,,,,
616,50,Huy?n,M?c Châu,"Huy?n M?c Châu, S?n La",,,,,,,,,,,,,,,,,,,,
617,50,Huy?n,M??ng La,"Huy?n M??ng La, S?n La",,,,,,,,,,,,,,,,,,,,
618,50,Huy?n,Phù Yên,"Huy?n Phù Yên, S?n La",,,,,,,,,,,,,,,,,,,,
619,50,Huy?n,Qu?nh Nhai,"Huy?n Qu?nh Nhai, S?n La",,,,,,,,,,,,,,,,,,,,
620,50,Thành ph?,S?n La,"Thành ph? S?n La, S?n La",,,,,,,,,,,,,,,,,,,,
621,50,Huy?n,Sông Mã,"Huy?n Sông Mã, S?n La",,,,,,,,,,,,,,,,,,,,
622,50,Huy?n,S?p C?p,"Huy?n S?p C?p, S?n La",,,,,,,,,,,,,,,,,,,,
623,50,Huy?n,Thu?n Châu,"Huy?n Thu?n Châu, S?n La",,,,,,,,,,,,,,,,,,,,
624,50,Huy?n,Vân H?,"Huy?n Vân H?, S?n La",,,,,,,,,,,,,,,,,,,,
625,50,Huy?n,Yên Châu,"Huy?n Yên Châu, S?n La",,,,,,,,,,,,,,,,,,,,
626,3,Thành ph?,B?c Liêu,"Thành ph? B?c Liêu, B?c Liêu",,,,,,,,,,,,,,,,,,,,
627,3,Huy?n,?ông H?i,"Huy?n ?ông H?i, B?c Liêu",,,,,,,,,,,,,,,,,,,,
628,3,Th? xã,Th? xã Giá Rai,"Th? xã Giá Rai, B?c Liêu",,,,,,,,,,,,,,,,,,,,
629,3,Huy?n,Hoà Bình,"Huy?n Hoà Bình, B?c Liêu",,,,,,,,,,,,,,,,,,,,
630,3,Huy?n,H?ng Dân,"Huy?n H?ng Dân, B?c Liêu",,,,,,,,,,,,,,,,,,,,
631,3,Huy?n,Ph??c Long,"Huy?n Ph??c Long, B?c Liêu",,,,,,,,,,,,,,,,,,,,
632,3,Huy?n,V?nh L?i,"Huy?n V?nh L?i, B?c Liêu",,,,,,,,,,,,,,,,,,,,
633,61,Huy?n,L?c Yên,"Huy?n L?c Yên, Yên Bái",,,,,,,,,,,,,,,,,,,,
634,61,Huy?n,Mù C?ng Ch?i,"Huy?n Mù C?ng Ch?i, Yên Bái",,,,,,,,,,,,,,,,,,,,
635,61,Th? xã,Ngh?a L?,"Th? xã Ngh?a L?, Yên Bái",,,,,,,,,,,,,,,,,,,,
636,61,Huy?n,Tr?m T?u,"Huy?n Tr?m T?u, Yên Bái",,,,,,,,,,,,,,,,,,,,
637,61,Huy?n,Tr?n Yên,"Huy?n Tr?n Yên, Yên Bái",,,,,,,,,,,,,,,,,,,,
638,61,Huy?n,V?n Ch?n,"Huy?n V?n Ch?n, Yên Bái",,,,,,,,,,,,,,,,,,,,
639,61,Huy?n,V?n Yên,"Huy?n V?n Yên, Yên Bái",,,,,,,,,,,,,,,,,,,,
640,61,Thành ph?,Yên Bái,"Thành ph? Yên Bái, Yên Bái",,,,,,,,,,,,,,,,,,,,
641,61,Huy?n,Yên Bình,"Huy?n Yên Bình, Yên Bái",,,,,,,,,,,,,,,,,,,,
642,58,Huy?n,Chiêm Hóa,"Huy?n Chiêm Hóa, Tuyên Quang",,,,,,,,,,,,,,,,,,,,
643,58,Huy?n,Hàm Yên,"Huy?n Hàm Yên, Tuyên Quang",,,,,,,,,,,,,,,,,,,,
644,58,Huy?n,Lâm Bình,"Huy?n Lâm Bình, Tuyên Quang",,,,,,,,,,,,,,,,,,,,
645,58,Huy?n,Na Hang,"Huy?n Na Hang, Tuyên Quang",,,,,,,,,,,,,,,,,,,,
646,58,Huy?n,S?n D??ng,"Huy?n S?n D??ng, Tuyên Quang",,,,,,,,,,,,,,,,,,,,
647,58,Thành ph?,Tuyên Quang,"Thành ph? Tuyên Quang, Tuyên Quang",,,,,,,,,,,,,,,,,,,,
648,58,Huy?n,Yên S?n,"Huy?n Yên S?n, Tuyên Quang",,,,,,,,,,,,,,,,,,,,
649,69,Huy?n,?i?n Biên,"Huy?n ?i?n Biên, ?i?n Biên",,,,,,,,,,,,,,,,,,,,
650,69,Huy?n,?i?n Biên ?ông,"Huy?n ?i?n Biên ?ông, ?i?n Biên",,,,,,,,,,,,,,,,,,,,
651,69,Thành ph?,?i?n Biên Ph?,"Thành ph? ?i?n Biên Ph?, ?i?n Biên",,,,,,,,,,,,,,,,,,,,
652,69,Huy?n,M??ng ?ng,"Huy?n M??ng ?ng, ?i?n Biên",,,,,,,,,,,,,,,,,,,,
653,69,Huy?n,M??ng Chà,"Huy?n M??ng Chà, ?i?n Biên",,,,,,,,,,,,,,,,,,,,
654,69,Th? xã,M??ng Lay,"Th? Xã M??ng Lay, ?i?n Biên",,,,,,,,,,,,,,,,,,,,
655,69,Huy?n,M??ng Nhé,"Huy?n M??ng Nhé, ?i?n Biên",,,,,,,,,,,,,,,,,,,,
656,69,Huy?n,N?m P?,"Huy?n N?m P?, ?i?n Biên",,,,,,,,,,,,,,,,,,,,
657,69,Huy?n,T?a Chùa,"Huy?n T?a Chùa, ?i?n Biên",,,,,,,,,,,,,,,,,,,,
658,69,Huy?n,Tu?n Giáo,"Huy?n Tu?n Giáo, ?i?n Biên",,,,,,,,,,,,,,,,,,,,
659,33,Thành ph?,Thành ph? Lai Châu,"Thành ph? Lai Châu, Lai Châu",,,,,,,,,,,,,,,,,,,,
660,33,Huy?n,M??ng Tè,"Huy?n M??ng Tè, Lai Châu",,,,,,,,,,,,,,,,,,,,
661,33,Huy?n,N?m Nhùn,"Huy?n N?m Nhùn, Lai Châu",,,,,,,,,,,,,,,,,,,,
662,33,Huy?n,Phong Th?,"Huy?n Phong Th?, Lai Châu",,,,,,,,,,,,,,,,,,,,
663,33,Huy?n,Sìn H?,"Huy?n Sìn H?, Lai Châu",,,,,,,,,,,,,,,,,,,,
664,33,Huy?n,Tam ???ng,"Huy?n Tam ???ng, Lai Châu",,,,,,,,,,,,,,,,,,,,
665,33,Huy?n,Tân Uyên,"Huy?n Tân Uyên, Lai Châu",,,,,,,,,,,,,,,,,,,,
666,33,Huy?n,Than Uyên,"Huy?n Than Uyên, Lai Châu",,,,,,,,,,,,,,,,,,,,
667,34,Huy?n,B?c S?n,"Huy?n B?c S?n, L?ng S?n",,,,,,,,,,,,,,,,,,,,
668,34,Huy?n,Bình Gia,"Huy?n Bình Gia, L?ng S?n",,,,,,,,,,,,,,,,,,,,
669,34,Huy?n,Cao L?c,"Huy?n Cao L?c, L?ng S?n",,,,,,,,,,,,,,,,,,,,
670,34,Huy?n,Chi L?ng,"Huy?n Chi L?ng, L?ng S?n",,,,,,,,,,,,,,,,,,,,
671,34,Huy?n,?ình L?p,"Huy?n ?ình L?p, L?ng S?n",,,,,,,,,,,,,,,,,,,,
672,34,Huy?n,H?u L?ng,"Huy?n H?u L?ng, L?ng S?n",,,,,,,,,,,,,,,,,,,,
673,34,Thành ph?,L?ng S?n,"Thành ph? L?ng S?n, L?ng S?n",,,,,,,,,,,,,,,,,,,,
674,34,Huy?n,L?c Bình,"Huy?n L?c Bình, L?ng S?n",,,,,,,,,,,,,,,,,,,,
675,34,Huy?n,Tràng ??nh,"Huy?n Tràng ??nh, L?ng S?n",,,,,,,,,,,,,,,,,,,,
676,34,Huy?n,V?n Lãng,"Huy?n V?n Lãng, L?ng S?n",,,,,,,,,,,,,,,,,,,,
677,34,Huy?n,V?n Quan,"Huy?n V?n Quan, L?ng S?n",,,,,,,,,,,,,,,,,,,,
678,20,Huy?n,B?c Mê,"Huy?n B?c Mê, Hà Giang",,,,,,,,,,,,,,,,,,,,
679,20,Huy?n,B?c Quang,"Huy?n B?c Quang, Hà Giang",,,,,,,,,,,,,,,,,,,,
680,20,Huy?n,??ng V?n,"Huy?n ??ng V?n, Hà Giang",,,,,,,,,,,,,,,,,,,,
681,20,Thành ph?,Hà Giang,"Thành ph? Hà Giang, Hà Giang",,,,,,,,,,,,,,,,,,,,
682,20,Huy?n,Hoàng Su Phì,"Huy?n Hoàng Su Phì, Hà Giang",,,,,,,,,,,,,,,,,,,,
683,20,Huy?n,Mèo V?c,"Huy?n Mèo V?c, Hà Giang",,,,,,,,,,,,,,,,,,,,
684,20,Huy?n,Qu?n B?,"Huy?n Qu?n B?, Hà Giang",,,,,,,,,,,,,,,,,,,,
685,20,Huy?n,Quang Bình,"Huy?n Quang Bình, Hà Giang",,,,,,,,,,,,,,,,,,,,
686,20,Huy?n,V? Xuyên,"Huy?n V? Xuyên, Hà Giang",,,,,,,,,,,,,,,,,,,,
687,20,Huy?n,Xín M?n,"Huy?n Xín M?n, Hà Giang",,,,,,,,,,,,,,,,,,,,
688,20,Huy?n,Yên Minh,"Huy?n Yên Minh, Hà Giang",,,,,,,,,,,,,,,,,,,,
689,81,Huy?n,Ba B?,"Huy?n Ba B?, B?c K?n",,,,,,,,,,,,,,,,,,,,
690,81,Thành ph?,Thành Ph? B?c K?n,"Thành Ph? B?c K?n, B?c K?n",,,,,,,,,,,,,,,,,,,,
691,81,Huy?n,B?ch Thông,"Huy?n B?ch Thông, B?c K?n",,,,,,,,,,,,,,,,,,,,
692,81,Huy?n,Ch? ??n,"Huy?n Ch? ??n, B?c K?n",,,,,,,,,,,,,,,,,,,,
693,81,Huy?n,Ch? M?i,"Huy?n Ch? M?i, B?c K?n",,,,,,,,,,,,,,,,,,,,
694,81,Huy?n,Na Rì,"Huy?n Na Rì, B?c K?n",,,,,,,,,,,,,,,,,,,,
695,81,Huy?n,Ngân S?n,"Huy?n Ngân S?n, B?c K?n",,,,,,,,,,,,,,,,,,,,
696,81,Huy?n,Pác N?m,"Huy?n Pác N?m, B?c K?n",,,,,,,,,,,,,,,,,,,,
697,13,Huy?n,B?o L?c,"Huy?n B?o L?c, Cao B?ng",,,,,,,,,,,,,,,,,,,,
698,13,Huy?n,B?o Lâm,"Huy?n B?o Lâm, Cao B?ng",,,,,,,,,,,,,,,,,,,,
699,13,Thành ph?,Thành ph? Cao B?ng,"Thành ph? Cao B?ng, Cao B?ng",,,,,,,,,,,,,,,,,,,,
700,13,Huy?n,H? Lang,"Huy?n H? Lang, Cao B?ng",,,,,,,,,,,,,,,,,,,,
701,13,Huy?n,Hà Qu?ng,"Huy?n Hà Qu?ng, Cao B?ng",,,,,,,,,,,,,,,,,,,,
702,13,Huy?n,Hoà An,"Huy?n Hoà An, Cao B?ng",,,,,,,,,,,,,,,,,,,,
703,13,Huy?n,Nguyên Bình,"Huy?n Nguyên Bình, Cao B?ng",,,,,,,,,,,,,,,,,,,,
705,13,Huy?n,Qu?ng Hòa,"Huy?n Qu?ng Hòa, Cao B?ng",,,,,,,,,,,,,,,,,,,,
706,13,Huy?n,Th?ch An,"Huy?n Th?ch An, Cao B?ng",,,,,,,,,,,,,,,,,,,,
709,13,Huy?n,Trùng Khánh,"Huy?n Trùng Khánh, Cao B?ng",,,,,,,,,,,,,,,,,,,,
717,73,Huy?n,B?c Tân Uyên,"Huy?n B?c Tân Uyên, Bình D??ng",,,,,,,,,,,,,,,,,,,,
734,24,Th? xã,K? Anh,"Th? xã K? Anh, Hà T?nh",,,,,,,,,,,,,,,,,,,,
735,57,Th? xã,Duyên H?i,"Th? xã Duyên H?i, Trà Vinh",,,,,,,,,,,,,,,,,,,,
736,70,Th? xã,Long M?,"Th? xã Long M?, H?u Giang",,,,,,,,,,,,,,,,,,,,
,,,,,,,,,,,,,,,,,,,,,,,,
,,,,,,,,,,,,,,,,,,,,,,,,
,,,,,,,,,,,,,,,,,,,,,,,,
,,,,,,,,,,,,,,,,,,,,,,,,
,,,,,,,,,,,,,,,,,,,,,,,,
,,,,,,,,,,,,,,,,,,,,,,,,
,,,,,,,,,,,,,,,,,,,,,,,,
,,,,,,,,,,,,,,,,,,,,,,,,
,,,,,,,,,,,,,,,,,,,,,,,,
,,,,,,,,,,,,,,,,,,,,,,,,
,,,,,,,,,,,,,,,,,,,,,,,,
,,,,,,,,,,,,,,,,,,,,,,,,
,,,,,,,,,,,,,,,,,,,,,,,,
,,,,,,,,,,,,,,,,,,,,,,,,
,,,,,,,,,,,,,,,,,,,,,,,,
,,,,,,,,,,,,,,,,,,,,,,,,
,,,,,,,,,,,,,,,,,,,,,,,,
,,,,,,,,,,,,,,,,,,,,,,,,
,,,,,,,,,,,,,,,,,,,,,,,,
,,,,,,,,,,,,,,,,,,,,,,,,
,,,,,,,,,,,,,,,,,,,,,,,,
,,,,,,,,,,,,,,,,,,,,,,,,
,,,,,,,,,,,,,,,,,,,,,,,,
,,,,,,,,,,,,,,,,,,,,,,,,
,,,,,,,,,,,,,,,,,,,,,,,,
,,,,,,,,,,,,,,,,,,,,,,,,
,,,,,,,,,,,,,,,,,,,,,,,,
,,,,,,,,,,,,,,,,,,,,,,,,
,,,,,,,,,,,,,,,,,,,,,,,,
,,,,,,,,,,,,,,,,,,,,,,,,
,,,,,,,,,,,,,,,,,,,,,,,,
,,,,,,,,,,,,,,,,,,,,,,,,
,,,,,,,,,,,,,,,,,,,,,,,,
,,,,,,,,,,,,,,,,,,,,,,,,
,,,,,,,,,,,,,,,,,,,,,,,,
,,,,,,,,,,,,,,,,,,,,,,,,
,,,,,,,,,,,,,,,,,,,,,,,,
,,,,,,,,,,,,,,,,,,,,,,,,
,,,,,,,,,,,,,,,,,,,,,,,,
,,,,,,,,,,,,,,,,,,,,,,,,
,,,,,,,,,,,,,,,,,,,,,,,,
,,,,,,,,,,,,,,,,,,,,,,,,
,,,,,,,,,,,,,,,,,,,,,,,,
,,,,,,,,,,,,,,,,,,,,,,,,
,,,,,,,,,,,,,,,,,,,,,,,,
,,,,,,,,,,,,,,,,,,,,,,,,
,,,,,,,,,,,,,,,,,,,,,,,,
,,,,,,,,,,,,,,,,,,,,,,,,
,,,,,,,,,,,,,,,,,,,,,,,,
,,,,,,,,,,,,,,,,,,,,,,,,
,,,,,,,,,,,,,,,,,,,,,,,,
,,,,,,,,,,,,,,,,,,,,,,,,
,,,,,,,,,,,,,,,,,,,,,,,,
,,,,,,,,,,,,,,,,,,,,,,,,
,,,,,,,,,,,,,,,,,,,,,,,,
,,,,,,,,,,,,,,,,,,,,,,,,
,,,,,,,,,,,,,,,,,,,,,,,,
,,,,,,,,,,,,,,,,,,,,,,,,
,,,,,,,,,,,,,,,,,,,,,,,,
,,,,,,,,,,,,,,,,,,,,,,,,
,,,,,,,,,,,,,,,,,,,,,,,,
,,,,,,,,,,,,,,,,,,,,,,,,
,,,,,,,,,,,,,,,,,,,,,,,,
,,,,,,,,,,,,,,,,,,,,,,,,
,,,,,,,,,,,,,,,,,,,,,,,,
,,,,,,,,,,,,,,,,,,,,,,,,
,,,,,,,,,,,,,,,,,,,,,,,,
,,,,,,,,,,,,,,,,,,,,,,,,
,,,,,,,,,,,,,,,,,,,,,,,,
,,,,,,,,,,,,,,,,,,,,,,,,
,,,,,,,,,,,,,,,,,,,,,,,,
,,,,,,,,,,,,,,,,,,,,,,,,
,,,,,,,,,,,,,,,,,,,,,,,,
,,,,,,,,,,,,,,,,,,,,,,,,
,,,,,,,,,,,,,,,,,,,,,,,,
,,,,,,,,,,,,,,,,,,,,,,,,
,,,,,,,,,,,,,,,,,,,,,,,,
,,,,,,,,,,,,,,,,,,,,,,,,
,,,,,,,,,,,,,,,,,,,,,,,,
,,,,,,,,,,,,,,,,,,,,,,,,
,,,,,,,,,,,,,,,,,,,,,,,,
,,,,,,,,,,,,,,,,,,,,,,,,
,,,,,,,,,,,,,,,,,,,,,,,,
,,,,,,,,,,,,,,,,,,,,,,,,
,,,,,,,,,,,,,,,,,,,,,,,,
,,,,,,,,,,,,,,,,,,,,,,,,
,,,,,,,,,,,,,,,,,,,,,,,,
,,,,,,,,,,,,,,,,,,,,,,,,
,,,,,,,,,,,,,,,,,,,,,,,,
,,,,,,,,,,,,,,,,,,,,,,,,
,,,,,,,,,,,,,,,,,,,,,,,,
,,,,,,,,,,,,,,,,,,,,,,,,
,,,,,,,,,,,,,,,,,,,,,,,,
,,,,,,,,,,,,,,,,,,,,,,,,
,,,,,,,,,,,,,,,,,,,,,,,,
,,,,,,,,,,,,,,,,,,,,,,,,
,,,,,,,,,,,,,,,,,,,,,,,,
,,,,,,,,,,,,,,,,,,,,,,,,
,,,,,,,,,,,,,,,,,,,,,,,,
,,,,,,,,,,,,,,,,,,,,,,,,
,,,,,,,,,,,,,,,,,,,,,,,,
,,,,,,,,,,,,,,,,,,,,,,,,
,,,,,,,,,,,,,,,,,,,,,,,,
,,,,,,,,,,,,,,,,,,,,,,,,
,,,,,,,,,,,,,,,,,,,,,,,,
,,,,,,,,,,,,,,,,,,,,,,,,
,,,,,,,,,,,,,,,,,,,,,,,,
,,,,,,,,,,,,,,,,,,,,,,,,
,,,,,,,,,,,,,,,,,,,,,,,,
,,,,,,,,,,,,,,,,,,,,,,,,
,,,,,,,,,,,,,,,,,,,,,,,,
,,,,,,,,,,,,,,,,,,,,,,,,
,,,,,,,,,,,,,,,,,,,,,,,,
,,,,,,,,,,,,,,,,,,,,,,,,
,,,,,,,,,,,,,,,,,,,,,,,,
,,,,,,,,,,,,,,,,,,,,,,,,
,,,,,,,,,,,,,,,,,,,,,,,,
,,,,,,,,,,,,,,,,,,,,,,,,
,,,,,,,,,,,,,,,,,,,,,,,,
,,,,,,,,,,,,,,,,,,,,,,,,
,,,,,,,,,,,,,,,,,,,,,,,,
,,,,,,,,,,,,,,,,,,,,,,,,
,,,,,,,,,,,,,,,,,,,,,,,,
,,,,,,,,,,,,,,,,,,,,,,,,
,,,,,,,,,,,,,,,,,,,,,,,,
,,,,,,,,,,,,,,,,,,,,,,,,
,,,,,,,,,,,,,,,,,,,,,,,,
,,,,,,,,,,,,,,,,,,,,,,,,
,,,,,,,,,,,,,,,,,,,,,,,,
,,,,,,,,,,,,,,,,,,,,,,,,
,,,,,,,,,,,,,,,,,,,,,,,,
,,,,,,,,,,,,,,,,,,,,,,,,
,,,,,,,,,,,,,,,,,,,,,,,,
,,,,,,,,,,,,,,,,,,,,,,,,
,,,,,,,,,,,,,,,,,,,,,,,,
,,,,,,,,,,,,,,,,,,,,,,,,
,,,,,,,,,,,,,,,,,,,,,,,,
,,,,,,,,,,,,,,,,,,,,,,,,
,,,,,,,,,,,,,,,,,,,,,,,,
,,,,,,,,,,,,,,,,,,,,,,,,
,,,,,,,,,,,,,,,,,,,,,,,,
,,,,,,,,,,,,,,,,,,,,,,,,
,,,,,,,,,,,,,,,,,,,,,,,,
,,,,,,,,,,,,,,,,,,,,,,,,
,,,,,,,,,,,,,,,,,,,,,,,,
,,,,,,,,,,,,,,,,,,,,,,,,
,,,,,,,,,,,,,,,,,,,,,,,,
,,,,,,,,,,,,,,,,,,,,,,,,
,,,,,,,,,,,,,,,,,,,,,,,,
,,,,,,,,,,,,,,,,,,,,,,,,
,,,,,,,,,,,,,,,,,,,,,,,,
,,,,,,,,,,,,,,,,,,,,,,,,
,,,,,,,,,,,,,,,,,,,,,,,,
,,,,,,,,,,,,,,,,,,,,,,,,
,,,,,,,,,,,,,,,,,,,,,,,,
,,,,,,,,,,,,,,,,,,,,,,,,
,,,,,,,,,,,,,,,,,,,,,,,,
,,,,,,,,,,,,,,,,,,,,,,,,
,,,,,,,,,,,,,,,,,,,,,,,,
,,,,,,,,,,,,,,,,,,,,,,,,
,,,,,,,,,,,,,,,,,,,,,,,,
,,,,,,,,,,,,,,,,,,,,,,,,
,,,,,,,,,,,,,,,,,,,,,,,,
,,,,,,,,,,,,,,,,,,,,,,,,
,,,,,,,,,,,,,,,,,,,,,,,,
,,,,,,,,,,,,,,,,,,,,,,,,
,,,,,,,,,,,,,,,,,,,,,,,,
,,,,,,,,,,,,,,,,,,,,,,,,
,,,,,,,,,,,,,,,,,,,,,,,,
,,,,,,,,,,,,,,,,,,,,,,,,
,,,,,,,,,,,,,,,,,,,,,,,,
,,,,,,,,,,,,,,,,,,,,,,,,
,,,,,,,,,,,,,,,,,,,,,,,,
,,,,,,,,,,,,,,,,,,,,,,,,
,,,,,,,,,,,,,,,,,,,,,,,,
,,,,,,,,,,,,,,,,,,,,,,,,
,,,,,,,,,,,,,,,,,,,,,,,,
,,,,,,,,,,,,,,,,,,,,,,,,
,,,,,,,,,,,,,,,,,,,,,,,,
,,,,,,,,,,,,,,,,,,,,,,,,
,,,,,,,,,,,,,,,,,,,,,,,,
,,,,,,,,,,,,,,,,,,,,,,,,
,,,,,,,,,,,,,,,,,,,,,,,,
,,,,,,,,,,,,,,,,,,,,,,,,
,,,,,,,,,,,,,,,,,,,,,,,,
,,,,,,,,,,,,,,,,,,,,,,,,
,,,,,,,,,,,,,,,,,,,,,,,,
,,,,,,,,,,,,,,,,,,,,,,,,
,,,,,,,,,,,,,,,,,,,,,,,,
,,,,,,,,,,,,,,,,,,,,,,,,
,,,,,,,,,,,,,,,,,,,,,,,,
,,,,,,,,,,,,,,,,,,,,,,,,
,,,,,,,,,,,,,,,,,,,,,,,,
,,,,,,,,,,,,,,,,,,,,,,,,
,,,,,,,,,,,,,,,,,,,,,,,,
,,,,,,,,,,,,,,,,,,,,,,,,
,,,,,,,,,,,,,,,,,,,,,,,,
,,,,,,,,,,,,,,,,,,,,,,,,
,,,,,,,,,,,,,,,,,,,,,,,,
,,,,,,,,,,,,,,,,,,,,,,,,
,,,,,,,,,,,,,,,,,,,,,,,,
,,,,,,,,,,,,,,,,,,,,,,,,
,,,,,,,,,,,,,,,,,,,,,,,,
,,,,,,,,,,,,,,,,,,,,,,,,
,,,,,,,,,,,,,,,,,,,,,,,,
,,,,,,,,,,,,,,,,,,,,,,,,
,,,,,,,,,,,,,,,,,,,,,,,,
,,,,,,,,,,,,,,,,,,,,,,,,
,,,,,,,,,,,,,,,,,,,,,,,,
,,,,,,,,,,,,,,,,,,,,,,,,
,,,,,,,,,,,,,,,,,,,,,,,,
,,,,,,,,,,,,,,,,,,,,,,,,
,,,,,,,,,,,,,,,,,,,,,,,,
,,,,,,,,,,,,,,,,,,,,,,,,
,,,,,,,,,,,,,,,,,,,,,,,,
,,,,,,,,,,,,,,,,,,,,,,,,
,,,,,,,,,,,,,,,,,,,,,,,,
,,,,,,,,,,,,,,,,,,,,,,,,
,,,,,,,,,,,,,,,,,,,,,,,,
,,,,,,,,,,,,,,,,,,,,,,,,
,,,,,,,,,,,,,,,,,,,,,,,,
,,,,,,,,,,,,,,,,,,,,,,,,
,,,,,,,,,,,,,,,,,,,,,,,,
,,,,,,,,,,,,,,,,,,,,,,,,
,,,,,,,,,,,,,,,,,,,,,,,,
,,,,,,,,,,,,,,,,,,,,,,,,
,,,,,,,,,,,,,,,,,,,,,,,,
,,,,,,,,,,,,,,,,,,,,,,,,
,,,,,,,,,,,,,,,,,,,,,,,,
,,,,,,,,,,,,,,,,,,,,,,,,
,,,,,,,,,,,,,,,,,,,,,,,,
,,,,,,,,,,,,,,,,,,,,,,,,
,,,,,,,,,,,,,,,,,,,,,,,,
,,,,,,,,,,,,,,,,,,,,,,,,
,,,,,,,,,,,,,,,,,,,,,,,,
,,,,,,,,,,,,,,,,,,,,,,,,
,,,,,,,,,,,,,,,,,,,,,,,,
,,,,,,,,,,,,,,,,,,,,,,,,
,,,,,,,,,,,,,,,,,,,,,,,,
,,,,,,,,,,,,,,,,,,,,,,,,
,,,,,,,,,,,,,,,,,,,,,,,,
,,,,,,,,,,,,,,,,,,,,,,,,
,,,,,,,,,,,,,,,,,,,,,,,,
,,,,,,,,,,,,,,,,,,,,,,,,
,,,,,,,,,,,,,,,,,,,,,,,,
,,,,,,,,,,,,,,,,,,,,,,,,
,,,,,,,,,,,,,,,,,,,,,,,,
,,,,,,,,,,,,,,,,,,,,,,,,
,,,,,,,,,,,,,,,,,,,,,,,,
,,,,,,,,,,,,,,,,,,,,,,,,
,,,,,,,,,,,,,,,,,,,,,,,,
,,,,,,,,,,,,,,,,,,,,,,,,
,,,,,,,,,,,,,,,,,,,,,,,,
,,,,,,,,,,,,,,,,,,,,,,,,
,,,,,,,,,,,,,,,,,,,,,,,,
,,,,,,,,,,,,,,,,,,,,,,,,
,,,,,,,,,,,,,,,,,,,,,,,,
,,,,,,,,,,,,,,,,,,,,,,,,
,,,,,,,,,,,,,,,,,,,,,,,,
,,,,,,,,,,,,,,,,,,,,,,,,
,,,,,,,,,,,,,,,,,,,,,,,,
,,,,,,,,,,,,,,,,,,,,,,,,
,,,,,,,,,,,,,,,,,,,,,,,,
,,,,,,,,,,,,,,,,,,,,,,,,
,,,,,,,,,,,,,,,,,,,,,,,,
,,,,,,,,,,,,,,,,,,,,,,,,
,,,,,,,,,,,,,,,,,,,,,,,,
,,,,,,,,,,,,,,,,,,,,,,,,
,,,,,,,,,,,,,,,,,,,,,,,,
,,,,,,,,,,,,,,,,,,,,,,,,
,,,,,,,,,,,,,,,,,,,,,,,,
,,,,,,,,,,,,,,,,,,,,,,,,
,,,,,,,,,,,,,,,,,,,,,,,,
,,,,,,,,,,,,,,,,,,,,,,,,
,,,,,,,,,,,,,,,,,,,,,,,,
,,,,,,,,,,,,,,,,,,,,,,,,
,,,,,,,,,,,,,,,,,,,,,,,,
,,,,,,,,,,,,,,,,,,,,,,,,
,,,,,,,,,,,,,,,,,,,,,,,,
,,,,,,,,,,,,,,,,,,,,,,,,
,,,,,,,,,,,,,,,,,,,,,,,,
,,,,,,,,,,,,,,,,,,,,,,,,
,,,,,,,,,,,,,,,,,,,,,,,,
,,,,,,,,,,,,,,,,,,,,,,,,
,,,,,,,,,,,,,,,,,,,,,,,,
,,,,,,,,,,,,,,,,,,,,,,,,
,,,,,,,,,,,,,,,,,,,,,,,,
,,,,,,,,,,,,,,,,,,,,,,,,
,,,,,,,,,,,,,,,,,,,,,,,,
,,,,,,,,,,,,,,,,,,,,,,,,
,,,,,,,,,,,,,,,,,,,,,,,,
,,,,,,,,,,,,,,,,,,,,,,,,
,,,,,,,,,,,,,,,,,,,,,,,,
,,,,,,,,,,,,,,,,,,,,,,,,
